cenario_id,cenario,dssat_run,data,dia_safra,decisao_dssat,decisao_hydros_historico,decisao_hydros_instantaneo,concordancia_historico,concordancia_instantaneo,mesma_decisao_hydros,confianca_historico,confianca_instantaneo,conflito_historico,conflito_instantaneo,revisao_humana_historico,revisao_humana_instantaneo,motivos_revisao_historico,motivos_revisao_instantaneo,avisos_governanca_historico,avisos_governanca_instantaneo,status_aps_historico,status_aps_instantaneo,compatibilidade_aps_historico,compatibilidade_aps_instantaneo,peso_efetivo_aps_historico,peso_efetivo_aps_instantaneo,decisao_sem_aps_historico,decisao_sem_aps_instantaneo,dependencia_material_aps_historico,dependencia_material_aps_instantaneo,score_historico,score_instantaneo,umidade_solo_pct,agua_disponivel_mm,irrigacao_dssat_mm,estresse_dssat_original,estresse_hydros,produtividade_kg_ha,ehc_historico,earg_historico,eaps_historico,ehc_instantaneo,earg_instantaneo,eaps_instantaneo
irrigado_run_1,irrigado,1,1979/06/19,1,manter_irrigacao,manter_irrigacao,manter_irrigacao,True,True,True,0.3398,0.3471,0.3333,0.3333,False,False,,,confianca_global_baixa | alerta_interno_do_aiec | aps_fora_ou_parcialmente_fora_do_dominio,confianca_global_baixa | alerta_interno_do_aiec | aps_fora_ou_parcialmente_fora_do_dominio,fora_dominio,fora_dominio,0.514423,0.514423,0.326915,0.319271,manter_irrigacao,manter_irrigacao,False,False,1.9333,1.9333,10.0,155,0.0,0.0,baixo,0,moderado,moderado,moderado,moderado,moderado,moderado
irrigado_run_1,irrigado,1,1979/06/20,2,manter_irrigacao,manter_irrigacao,manter_irrigacao,True,True,True,0.3262,0.3429,0.3333,0.3333,False,False,,,confianca_global_baixa | alerta_interno_do_aiec | aps_fora_ou_parcialmente_fora_do_dominio,confianca_global_baixa | alerta_interno_do_aiec | aps_fora_ou_parcialmente_fora_do_dominio,fora_dominio,fora_dominio,0.500962,0.500962,0.327759,0.311863,manter_irrigacao,manter_irrigacao,False,False,1.9333,1.9333,10.0,155,0.0,0.0,baixo,0,moderado,moderado,moderado,moderado,moderado,moderado
irrigado_run_1,irrigado,1,1979/06/21,3,manter_irrigacao,manter_irrigacao,manter_irrigacao,True,True,True,0.3288,0.3352,0.3333,0.3333,False,False,,,confianca_global_baixa | alerta_interno_do_aiec | aps_fora_ou_parcialmente_fora_do_dominio,confianca_global_baixa | alerta_interno_do_aiec | aps_fora_ou_parcialmente_fora_do_dominio,fora_dominio,fora_dominio,0.500962,0.4875,0.332507,0.320294,manter_irrigacao,manter_irrigacao,False,False,1.9333,1.9333,14.1,193,0.0,0.0,baixo,0,moderado,moderado,moderado,moderado,moderado,moderado
irrigado_run_1,irrigado,1,1979/06/22,4,manter_irrigacao,manter_irrigacao,manter_irrigacao,True,True,True,0.3424,0.3639,0.3333,0.3333,False,False,,,confianca_global_baixa | alerta_interno_do_aiec | aps_fora_ou_parcialmente_fora_do_dominio,confianca_global_baixa | alerta_interno_do_aiec | aps_fora_ou_parcialmente_fora_do_dominio,fora_dominio,fora_dominio,0.541346,0.527885,0.339898,0.323178,manter_irrigacao,manter_irrigacao,False,False,1.9333,1.9333,11.4,172,0.0,0.0,baixo,0,moderado,moderado,moderado,moderado,moderado,moderado
irrigado_run_1,irrigado,1,1979/06/23,5,manter_irrigacao,manter_irrigacao,manter_irrigacao,True,True,True,0.3222,0.3391,0.3333,0.3333,False,False,,,confianca_global_baixa | alerta_interno_do_aiec | aps_fora_ou_parcialmente_fora_do_dominio,confianca_global_baixa | alerta_interno_do_aiec | aps_fora_ou_parcialmente_fora_do_dominio,fora_dominio,fora_dominio,0.500962,0.4875,0.333358,0.304384,manter_irrigacao,manter_irrigacao,False,False,1.5333,1.9333,10.7,164,0.0,0.0,baixo,0,baixo,moderado,moderado,moderado,moderado,moderado
irrigado_run_1,irrigado,1,1979/06/24,6,manter_irrigacao,manter_irrigacao,manter_irrigacao,True,True,True,0.323,0.3392,0.3333,0.3333,False,False,,,confianca_global_baixa | alerta_interno_do_aiec | aps_fora_ou_parcialmente_fora_do_dominio,confianca_global_baixa | alerta_interno_do_aiec | aps_fora_ou_parcialmente_fora_do_dominio,fora_dominio,fora_dominio,0.500962,0.4875,0.340871,0.311513,manter_irrigacao,manter_irrigacao,False,False,1.5333,1.9333,13.3,183,0.0,0.0,baixo,0,baixo,moderado,moderado,moderado,moderado,moderado
irrigado_run_1,irrigado,1,1979/06/25,7,manter_irrigacao,manter_irrigacao,manter_irrigacao,True,True,True,0.3217,0.3462,0.6667,0.3333,False,False,,,confianca_global_baixa | alerta_interno_do_aiec | aps_fora_ou_parcialmente_fora_do_dominio,confianca_global_baixa | alerta_interno_do_aiec | aps_fora_ou_parcialmente_fora_do_dominio,fora_dominio,fora_dominio,0.514423,0.527885,0.280673,0.348491,manter_irrigacao,manter_irrigacao,False,False,2.2667,1.5333,12.7,186,0.0,0.0,baixo,0,alto,moderado,moderado,baixo,moderado,moderado
irrigado_run_1,irrigado,1,1979/06/26,8,manter_irrigacao,manter_irrigacao,manter_irrigacao,True,True,True,0.3253,0.3291,0.3333,0.3333,False,False,,,confianca_global_baixa | alerta_interno_do_aiec | aps_fora_ou_parcialmente_fora_do_dominio,confianca_global_baixa | alerta_interno_do_aiec | aps_fora_ou_parcialmente_fora_do_dominio,fora_dominio,fora_dominio,0.514423,0.514423,0.346314,0.347986,manter_irrigacao,manter_irrigacao,False,False,1.9333,1.5333,13.6,195,0.0,0.0,baixo,0,moderado,moderado,moderado,baixo,moderado,moderado
irrigado_run_1,irrigado,1,1979/06/27,9,manter_irrigacao,manter_irrigacao,manter_irrigacao,True,True,True,0.3328,0.3839,0.3333,0.3333,False,False,,,confianca_global_baixa | alerta_interno_do_aiec | aps_fora_ou_parcialmente_fora_do_dominio,confianca_global_baixa | alerta_interno_do_aiec | aps_fora_ou_parcialmente_fora_do_dominio,fora_dominio,fora_dominio,0.500962,0.514423,0.314785,0.294047,manter_irrigacao,manter_irrigacao,False,False,1.9333,1.9333,12.2,189,0.0,0.0,baixo,0,moderado,moderado,moderado,moderado,moderado,moderado
irrigado_run_1,irrigado,1,1979/06/28,10,manter_irrigacao,manter_irrigacao,manter_irrigacao,True,True,True,0.3154,0.3354,0.6667,0.3333,False,False,,,confianca_global_baixa | alerta_interno_do_aiec | aps_fora_ou_parcialmente_fora_do_dominio,confianca_global_baixa | alerta_interno_do_aiec | aps_fora_ou_parcialmente_fora_do_dominio,fora_dominio,fora_dominio,0.4875,0.474038,0.272013,0.296835,manter_irrigacao,manter_irrigacao,False,False,1.8667,1.9333,11.1,172,0.0,0.0,baixo,0,moderado,moderado,moderado,moderado,moderado,moderado
irrigado_run_1,irrigado,1,1979/06/29,11,manter_irrigacao,manter_irrigacao,manter_irrigacao,True,True,True,0.3115,0.3354,0.6667,0.3333,False,False,,,confianca_global_baixa | alerta_interno_do_aiec | aps_fora_ou_parcialmente_fora_do_dominio,confianca_global_baixa | alerta_interno_do_aiec | aps_fora_ou_parcialmente_fora_do_dominio,fora_dominio,fora_dominio,0.460577,0.474038,0.252308,0.296835,manter_irrigacao,manter_irrigacao,False,False,1.8667,1.9333,10.5,163,0.0,0.0,baixo,0,moderado,moderado,moderado,moderado,moderado,moderado
irrigado_run_1,irrigado,1,1979/06/30,12,manter_irrigacao,manter_irrigacao,manter_irrigacao,True,True,True,0.3033,0.3425,0.6667,0.3333,False,False,,,confianca_global_baixa | alerta_interno_do_aiec | aps_fora_ou_parcialmente_fora_do_dominio,confianca_global_baixa | alerta_interno_do_aiec | aps_fora_ou_parcialmente_fora_do_dominio,fora_dominio,fora_dominio,0.4875,0.4875,0.277456,0.31099,manter_irrigacao,manter_irrigacao,False,False,1.8667,1.9333,10.6,163,0.0,0.0,baixo,0,moderado,moderado,moderado,moderado,moderado,moderado
irrigado_run_1,irrigado,1,1979/07/01,13,manter_irrigacao,manter_irrigacao,manter_irrigacao,True,True,True,0.3275,0.3412,0.6667,0.3333,False,False,,,confianca_global_baixa | alerta_interno_do_aiec | aps_fora_ou_parcialmente_fora_do_dominio,confianca_global_baixa | alerta_interno_do_aiec | aps_fora_ou_parcialmente_fora_do_dominio,fora_dominio,fora_dominio,0.4875,0.500962,0.249155,0.308493,manter_irrigacao,manter_irrigacao,False,False,1.8667,1.9333,10.2,159,0.0,0.0,baixo,0,moderado,moderado,moderado,moderado,moderado,moderado
irrigado_run_1,irrigado,1,1979/07/02,14,manter_irrigacao,manter_irrigacao,manter_irrigacao,True,True,True,0.3481,0.3439,0.6667,0.3333,False,False,,,confianca_global_baixa | alerta_interno_do_aiec | aps_fora_ou_parcialmente_fora_do_dominio,confianca_global_baixa | alerta_interno_do_aiec | aps_fora_ou_parcialmente_fora_do_dominio,fora_dominio,fora_dominio,0.4875,0.500962,0.246475,0.313535,manter_irrigacao,manter_irrigacao,False,False,1.8667,1.9333,10.1,158,0.0,0.0,baixo,0,moderado,moderado,moderado,moderado,moderado,moderado
irrigado_run_1,irrigado,1,1979/07/03,15,manter_irrigacao,manter_irrigacao,manter_irrigacao,True,True,True,0.3347,0.3362,0.3333,0.3333,False,False,,,confianca_global_baixa | alerta_interno_do_aiec | aps_fora_ou_parcialmente_fora_do_dominio,confianca_global_baixa | alerta_interno_do_aiec | aps_fora_ou_parcialmente_fora_do_dominio,fora_dominio,fora_dominio,0.500962,0.500962,0.342192,0.334709,manter_irrigacao,manter_irrigacao,False,False,1.9333,1.5333,11.3,164,0.0,0.0,baixo,0,moderado,moderado,moderado,baixo,moderado,moderado
irrigado_run_1,irrigado,1,1979/07/04,16,manter_irrigacao,manter_irrigacao,manter_irrigacao,True,True,True,0.3272,0.3561,0.6667,0.3333,False,False,,,confianca_global_baixa | alerta_interno_do_aiec | aps_fora_ou_parcialmente_fora_do_dominio,confianca_global_baixa | alerta_interno_do_aiec | aps_fora_ou_parcialmente_fora_do_dominio,fora_dominio,fora_dominio,0.500962,0.514423,0.271171,0.316175,manter_irrigacao,manter_irrigacao,False,False,1.8667,1.9333,10.1,158,0.0,0.0,baixo,0,moderado,moderado,moderado,moderado,moderado,moderado
irrigado_run_1,irrigado,1,1979/07/05,17,manter_irrigacao,manter_irrigacao,manter_irrigacao,True,True,True,0.3209,0.3476,0.3333,0.3333,False,False,,,confianca_global_baixa | alerta_interno_do_aiec | aps_fora_ou_parcialmente_fora_do_dominio,confianca_global_baixa | alerta_interno_do_aiec | aps_fora_ou_parcialmente_fora_do_dominio,fora_dominio,fora_dominio,0.500962,0.500962,0.351269,0.320145,manter_irrigacao,manter_irrigacao,False,False,1.5333,1.9333,10.6,160,0.0,0.0,baixo,0,baixo,moderado,moderado,moderado,moderado,moderado
irrigado_run_1,irrigado,1,1979/07/06,18,manter_irrigacao,manter_irrigacao,manter_irrigacao,True,True,True,0.3334,0.3461,0.6667,0.3333,False,False,,,confianca_global_baixa | alerta_interno_do_aiec | aps_fora_ou_parcialmente_fora_do_dominio,confianca_global_baixa | alerta_interno_do_aiec | aps_fora_ou_parcialmente_fora_do_dominio,fora_dominio,fora_dominio,0.514423,0.514423,0.27147,0.317581,manter_irrigacao,manter_irrigacao,False,False,1.8667,1.9333,10.0,157,0.0,0.0,baixo,0,moderado,moderado,moderado,moderado,moderado,moderado
irrigado_run_1,irrigado,1,1979/07/07,19,manter_irrigacao,manter_irrigacao,manter_irrigacao,True,True,True,0.3309,0.3429,0.6667,0.3333,False,False,,,confianca_global_baixa | alerta_interno_do_aiec | aps_fora_ou_parcialmente_fora_do_dominio,confianca_global_baixa | alerta_interno_do_aiec | aps_fora_ou_parcialmente_fora_do_dominio,fora_dominio,fora_dominio,0.500962,0.500962,0.261201,0.311863,manter_irrigacao,manter_irrigacao,False,False,1.8667,1.9333,9.9,156,0.0,0.0,baixo,0,moderado,moderado,moderado,moderado,moderado,moderado
irrigado_run_1,irrigado,1,1979/07/08,20,manter_irrigacao,manter_irrigacao,manter_irrigacao,True,True,True,0.3803,0.3434,0.3333,0.3333,False,False,,,confianca_global_baixa | alerta_interno_do_aiec | aps_fora_ou_parcialmente_fora_do_dominio,confianca_global_baixa | alerta_interno_do_aiec | aps_fora_ou_parcialmente_fora_do_dominio,fora_dominio,fora_dominio,0.500962,0.4875,0.287788,0.312621,manter_irrigacao,manter_irrigacao,False,False,1.9333,1.9333,10.5,157,0.0,0.0,baixo,0,moderado,moderado,moderado,moderado,moderado,moderado
irrigado_run_1,irrigado,1,1979/07/09,21,manter_irrigacao,manter_irrigacao,manter_irrigacao,True,True,True,0.3376,0.3516,0.6667,0.3333,False,False,,,confianca_global_baixa | alerta_interno_do_aiec | aps_fora_ou_parcialmente_fora_do_dominio,confianca_global_baixa | alerta_interno_do_aiec | aps_fora_ou_parcialmente_fora_do_dominio,fora_dominio,fora_dominio,0.527885,0.541346,0.271252,0.32701,manter_irrigacao,manter_irrigacao,False,False,1.8667,1.9333,9.7,153,0.0,0.0,baixo,0,moderado,moderado,moderado,moderado,moderado,moderado
irrigado_run_1,irrigado,1,1979/07/10,22,iniciar_irrigacao,manter_irrigacao,manter_irrigacao,False,False,True,0.3218,0.3307,0.3333,0.3333,False,False,,,confianca_global_baixa | alerta_interno_do_aiec | aps_fora_ou_parcialmente_fora_do_dominio,confianca_global_baixa | alerta_interno_do_aiec | aps_fora_ou_parcialmente_fora_do_dominio,fora_dominio,fora_dominio,0.500962,0.4875,0.349133,0.325362,manter_irrigacao,manter_irrigacao,False,False,1.5333,1.5333,11.3,161,0.0,0.166,baixo,0,baixo,moderado,moderado,baixo,moderado,moderado
irrigado_run_1,irrigado,1,1979/07/11,23,manter_irrigacao,manter_irrigacao,manter_irrigacao,True,True,True,0.3633,0.3907,0.3333,0.3333,False,False,,,confianca_global_baixa | alerta_interno_do_aiec | aps_fora_ou_parcialmente_fora_do_dominio,confianca_global_baixa | alerta_interno_do_aiec | aps_fora_ou_parcialmente_fora_do_dominio,fora_dominio,fora_dominio,0.514423,0.541346,0.299795,0.30636,manter_irrigacao,manter_irrigacao,False,False,1.9333,1.9333,10.2,156,0.0,0.0,baixo,0,moderado,moderado,moderado,moderado,moderado,moderado
irrigado_run_1,irrigado,1,1979/07/12,24,manter_irrigacao,manter_irrigacao,manter_irrigacao,True,True,True,0.3282,0.3412,0.6667,0.3333,False,False,,,confianca_global_baixa | alerta_interno_do_aiec | aps_fora_ou_parcialmente_fora_do_dominio,confianca_global_baixa | alerta_interno_do_aiec | aps_fora_ou_parcialmente_fora_do_dominio,fora_dominio,fora_dominio,0.500962,0.500962,0.268098,0.308493,manter_irrigacao,manter_irrigacao,False,False,1.8667,1.9333,9.8,154,0.0,0.0,baixo,0,moderado,moderado,moderado,moderado,moderado,moderado
irrigado_run_1,irrigado,1,1979/07/13,25,manter_irrigacao,reduzir_irrigacao,manter_irrigacao,False,True,False,0.3175,0.348,0.3333,0.3333,True,False,decisao_dependente_de_aps_fora_do_dominio | baixa_confianca_para_intervencao,,confianca_global_baixa | alerta_interno_do_aiec | aps_fora_ou_parcialmente_fora_do_dominio | aps_alterou_a_decisao_no_teste_contrafactual,confianca_global_baixa | alerta_interno_do_aiec | aps_fora_ou_parcialmente_fora_do_dominio,fora_dominio,fora_dominio,0.514423,0.500962,0.346842,0.307378,finalizar_irrigacao,manter_irrigacao,True,False,1.5333,1.9333,11.4,161,10.0,0.038,baixo,0,baixo,moderado,moderado,moderado,moderado,moderado
irrigado_run_1,irrigado,1,1979/07/14,26,manter_irrigacao,manter_irrigacao,manter_irrigacao,True,True,True,0.3612,0.3331,0.6667,0.6667,False,False,,,confianca_global_baixa | alerta_interno_do_aiec | aps_fora_ou_parcialmente_fora_do_dominio,confianca_global_baixa | alerta_interno_do_aiec | aps_fora_ou_parcialmente_fora_do_dominio,fora_dominio,fora_dominio,0.527885,0.541346,0.257934,0.28628,manter_irrigacao,manter_irrigacao,False,False,1.8667,1.8667,10.2,156,0.0,0.0,baixo,0,moderado,moderado,moderado,moderado,moderado,moderado
irrigado_run_1,irrigado,1,1979/07/15,27,manter_irrigacao,manter_irrigacao,manter_irrigacao,True,True,True,0.3471,0.3471,0.6667,0.3333,False,False,,,confianca_global_baixa | alerta_interno_do_aiec | aps_fora_ou_parcialmente_fora_do_dominio,confianca_global_baixa | alerta_interno_do_aiec | aps_fora_ou_parcialmente_fora_do_dominio,fora_dominio,fora_dominio,0.527885,0.514423,0.261391,0.319271,manter_irrigacao,manter_irrigacao,False,False,1.8667,1.9333,9.7,153,0.0,0.0,baixo,0,moderado,moderado,moderado,moderado,moderado,moderado
irrigado_run_1,irrigado,1,1979/07/16,28,manter_irrigacao,manter_irrigacao,manter_irrigacao,True,True,True,0.3209,0.3269,0.3333,0.3333,False,False,,,confianca_global_baixa | alerta_interno_do_aiec | aps_fora_ou_parcialmente_fora_do_dominio,confianca_global_baixa | alerta_interno_do_aiec | aps_fora_ou_parcialmente_fora_do_dominio,fora_dominio,fora_dominio,0.514423,0.500962,0.35215,0.337311,manter_irrigacao,manter_irrigacao,False,False,1.5333,1.5333,11.7,163,0.0,0.0,baixo,0,baixo,moderado,moderado,baixo,moderado,moderado
irrigado_run_1,irrigado,1,1979/07/17,29,manter_irrigacao,manter_irrigacao,manter_irrigacao,True,True,True,0.3415,0.3378,0.3333,0.3333,False,False,,,confianca_global_baixa | alerta_interno_do_aiec | aps_fora_ou_parcialmente_fora_do_dominio,confianca_global_baixa | alerta_interno_do_aiec | aps_fora_ou_parcialmente_fora_do_dominio,fora_dominio,fora_dominio,0.541346,0.527885,0.353493,0.360725,manter_irrigacao,manter_irrigacao,False,False,1.9333,1.5333,12.3,173,0.0,0.0,baixo,0,moderado,moderado,moderado,baixo,moderado,moderado
irrigado_run_1,irrigado,1,1979/07/18,30,manter_irrigacao,manter_irrigacao,manter_irrigacao,True,True,True,0.3339,0.36,0.3333,0.3333,False,False,,,confianca_global_baixa | alerta_interno_do_aiec | aps_fora_ou_parcialmente_fora_do_dominio,confianca_global_baixa | alerta_interno_do_aiec | aps_fora_ou_parcialmente_fora_do_dominio,parcialmente_fora_dominio,fora_dominio,0.554808,0.541346,0.364447,0.342702,manter_irrigacao,manter_irrigacao,False,False,1.5333,1.9333,11.7,170,0.0,0.0,baixo,0,baixo,moderado,moderado,moderado,moderado,moderado
irrigado_run_1,irrigado,1,1979/07/19,31,manter_irrigacao,manter_irrigacao,manter_irrigacao,True,True,True,0.3436,0.3642,0.3333,0.3333,False,False,,,confianca_global_baixa | alerta_interno_do_aiec | aps_fora_ou_parcialmente_fora_do_dominio,confianca_global_baixa | alerta_interno_do_aiec | aps_fora_ou_parcialmente_fora_do_dominio,parcialmente_fora_dominio,fora_dominio,0.554808,0.541346,0.34514,0.323658,manter_irrigacao,manter_irrigacao,False,False,1.9333,1.9333,10.4,160,0.0,0.0,baixo,0,moderado,moderado,moderado,moderado,moderado,moderado
irrigado_run_1,irrigado,1,1979/07/20,32,manter_irrigacao,manter_irrigacao,manter_irrigacao,True,True,True,0.3398,0.3328,0.3333,0.3333,False,False,,,confianca_global_baixa | alerta_interno_do_aiec | aps_fora_ou_parcialmente_fora_do_dominio,confianca_global_baixa | alerta_interno_do_aiec | aps_fora_ou_parcialmente_fora_do_dominio,parcialmente_fora_dominio,fora_dominio,0.554808,0.514423,0.38717,0.346688,manter_irrigacao,manter_irrigacao,False,False,1.5333,1.5333,12.1,169,0.0,0.0,baixo,0,baixo,moderado,moderado,baixo,moderado,moderado
irrigado_run_1,irrigado,1,1979/07/21,33,manter_irrigacao,manter_irrigacao,manter_irrigacao,True,True,True,0.3421,0.3312,0.6667,0.6667,False,False,,,confianca_global_baixa | alerta_interno_do_aiec | aps_fora_ou_parcialmente_fora_do_dominio,confianca_global_baixa | alerta_interno_do_aiec | aps_fora_ou_parcialmente_fora_do_dominio,parcialmente_fora_dominio,fora_dominio,0.554808,0.541346,0.276326,0.281606,manter_irrigacao,manter_irrigacao,False,False,1.8667,1.8667,10.8,162,0.0,0.0,baixo,0,moderado,moderado,moderado,moderado,moderado,moderado
irrigado_run_1,irrigado,1,1979/07/22,34,manter_irrigacao,manter_irrigacao,manter_irrigacao,True,True,True,0.3473,0.3589,0.6667,0.3333,False,False,,,confianca_global_baixa | alerta_interno_do_aiec | aps_fora_ou_parcialmente_fora_do_dominio,confianca_global_baixa | alerta_interno_do_aiec | aps_fora_ou_parcialmente_fora_do_dominio,parcialmente_fora_dominio,fora_dominio,0.554808,0.541346,0.288707,0.341029,manter_irrigacao,manter_irrigacao,False,False,1.8667,1.9333,10.5,159,0.0,0.0,baixo,0,moderado,moderado,moderado,moderado,moderado,moderado
irrigado_run_1,irrigado,1,1979/07/23,35,manter_irrigacao,manter_irrigacao,manter_irrigacao,True,True,True,0.354,0.3898,0.6667,0.3333,False,False,,,confianca_global_baixa | alerta_interno_do_aiec | aps_fora_ou_parcialmente_fora_do_dominio,confianca_global_baixa | alerta_interno_do_aiec | aps_fora_ou_parcialmente_fora_do_dominio,parcialmente_fora_dominio,fora_dominio,0.554808,0.541346,0.278137,0.304746,manter_irrigacao,manter_irrigacao,False,False,1.8667,1.9333,9.8,153,0.0,0.0,baixo,0,moderado,moderado,moderado,moderado,moderado,moderado
irrigado_run_1,irrigado,1,1979/07/24,36,manter_irrigacao,manter_irrigacao,manter_irrigacao,True,True,True,0.3314,0.3367,0.6667,0.3333,False,False,,,confianca_global_baixa | alerta_interno_do_aiec | aps_fora_ou_parcialmente_fora_do_dominio,confianca_global_baixa | alerta_interno_do_aiec | aps_fora_ou_parcialmente_fora_do_dominio,fora_dominio,fora_dominio,0.541346,0.514423,0.293647,0.335572,manter_irrigacao,manter_irrigacao,False,False,1.8667,1.5333,10.9,158,0.0,0.0,baixo,0,moderado,moderado,moderado,baixo,moderado,moderado
irrigado_run_1,irrigado,1,1979/07/25,37,manter_irrigacao,manter_irrigacao,manter_irrigacao,True,True,True,0.3408,0.3653,0.6667,0.3333,False,False,,,confianca_global_baixa | alerta_interno_do_aiec | aps_fora_ou_parcialmente_fora_do_dominio,confianca_global_baixa | alerta_interno_do_aiec | aps_fora_ou_parcialmente_fora_do_dominio,parcialmente_fora_dominio,fora_dominio,0.554808,0.541346,0.28885,0.325351,manter_irrigacao,manter_irrigacao,False,False,1.8667,1.9333,10.0,152,0.0,0.0,baixo,0,moderado,moderado,moderado,moderado,moderado,moderado
irrigado_run_1,irrigado,1,1979/07/26,38,manter_irrigacao,manter_irrigacao,manter_irrigacao,True,True,True,0.4053,0.394,0.3333,0.3333,False,False,,,alerta_interno_do_aiec | aps_fora_ou_parcialmente_fora_do_dominio,confianca_global_baixa | alerta_interno_do_aiec | aps_fora_ou_parcialmente_fora_do_dominio,parcialmente_fora_dominio,fora_dominio,0.554808,0.541346,0.292503,0.297641,manter_irrigacao,manter_irrigacao,False,False,1.9333,1.9333,11.0,157,10.0,0.0,baixo,0,moderado,moderado,moderado,moderado,moderado,moderado
irrigado_run_1,irrigado,1,1979/07/27,39,manter_irrigacao,manter_irrigacao,manter_irrigacao,True,True,True,0.4085,0.3898,0.3333,0.3333,False,False,,,alerta_interno_do_aiec | aps_fora_ou_parcialmente_fora_do_dominio,confianca_global_baixa | alerta_interno_do_aiec | aps_fora_ou_parcialmente_fora_do_dominio,parcialmente_fora_dominio,fora_dominio,0.554808,0.541346,0.296907,0.304746,manter_irrigacao,manter_irrigacao,False,False,1.9333,1.9333,10.0,151,0.0,0.0,baixo,0,moderado,moderado,moderado,moderado,moderado,moderado
irrigado_run_1,irrigado,1,1979/07/28,40,manter_irrigacao,manter_irrigacao,manter_irrigacao,True,True,True,0.3515,0.3889,0.6667,0.3333,False,False,,,confianca_global_baixa | alerta_interno_do_aiec | aps_fora_ou_parcialmente_fora_do_dominio,confianca_global_baixa | alerta_interno_do_aiec | aps_fora_ou_parcialmente_fora_do_dominio,parcialmente_fora_dominio,fora_dominio,0.554808,0.541346,0.270571,0.303125,manter_irrigacao,manter_irrigacao,False,False,1.8667,1.9333,9.3,144,0.0,0.0,baixo,0,moderado,moderado,moderado,moderado,moderado,moderado
irrigado_run_1,irrigado,1,1979/07/29,41,manter_irrigacao,manter_irrigacao,manter_irrigacao,True,True,True,0.4088,0.3642,0.3333,0.3333,False,False,,,alerta_interno_do_aiec | aps_fora_ou_parcialmente_fora_do_dominio,confianca_global_baixa | alerta_interno_do_aiec | aps_fora_ou_parcialmente_fora_do_dominio,parcialmente_fora_dominio,fora_dominio,0.554808,0.541346,0.298911,0.323658,manter_irrigacao,manter_irrigacao,False,False,1.9333,1.9333,10.1,146,0.0,0.0,baixo,0,moderado,moderado,moderado,moderado,moderado,moderado
irrigado_run_1,irrigado,1,1979/07/30,42,manter_irrigacao,reduzir_irrigacao,reduzir_irrigacao,False,False,True,0.352,0.3504,0.3333,0.3333,True,True,decisao_dependente_de_aps_fora_do_dominio | baixa_confianca_para_intervencao,decisao_dependente_de_aps_fora_do_dominio | baixa_confianca_para_intervencao,confianca_global_baixa | alerta_interno_do_aiec | aps_fora_ou_parcialmente_fora_do_dominio | aps_alterou_a_decisao_no_teste_contrafactual,confianca_global_baixa | alerta_interno_do_aiec | aps_fora_ou_parcialmente_fora_do_dominio | aps_alterou_a_decisao_no_teste_contrafactual,parcialmente_fora_dominio,fora_dominio,0.554808,0.541346,0.361466,0.348278,finalizar_irrigacao,finalizar_irrigacao,True,True,1.5333,1.5333,11.7,162,9.0,0.0,baixo,0,baixo,moderado,moderado,baixo,moderado,moderado
irrigado_run_1,irrigado,1,1979/07/31,43,manter_irrigacao,manter_irrigacao,manter_irrigacao,True,True,True,0.3571,0.3512,0.3333,0.3333,False,False,,,confianca_global_baixa | alerta_interno_do_aiec | aps_fora_ou_parcialmente_fora_do_dominio,confianca_global_baixa | alerta_interno_do_aiec | aps_fora_ou_parcialmente_fora_do_dominio,parcialmente_fora_dominio,fora_dominio,0.568269,0.541346,0.362682,0.348099,manter_irrigacao,manter_irrigacao,False,False,1.5333,1.5333,12.8,177,0.0,0.0,baixo,0,baixo,moderado,moderado,baixo,moderado,moderado
irrigado_run_1,irrigado,1,1979/08/01,44,manter_irrigacao,manter_irrigacao,manter_irrigacao,True,True,True,0.3551,0.3378,0.3333,0.3333,False,False,,,confianca_global_baixa | alerta_interno_do_aiec | aps_fora_ou_parcialmente_fora_do_dominio,confianca_global_baixa | alerta_interno_do_aiec | aps_fora_ou_parcialmente_fora_do_dominio,parcialmente_fora_dominio,fora_dominio,0.568269,0.527885,0.371606,0.360725,manter_irrigacao,manter_irrigacao,False,False,1.9333,1.5333,13.4,184,0.0,0.0,baixo,0,moderado,moderado,moderado,baixo,moderado,moderado
irrigado_run_1,irrigado,1,1979/08/02,45,manter_irrigacao,manter_irrigacao,manter_irrigacao,True,True,True,0.3568,0.3653,0.3333,0.3333,False,False,,,confianca_global_baixa | alerta_interno_do_aiec | aps_fora_ou_parcialmente_fora_do_dominio,confianca_global_baixa | alerta_interno_do_aiec | aps_fora_ou_parcialmente_fora_do_dominio,parcialmente_fora_dominio,fora_dominio,0.568269,0.541346,0.352589,0.325351,manter_irrigacao,manter_irrigacao,False,False,1.9333,1.9333,11.5,168,0.0,0.0,baixo,0,moderado,moderado,moderado,moderado,moderado,moderado
irrigado_run_1,irrigado,1,1979/08/03,46,manter_irrigacao,manter_irrigacao,manter_irrigacao,True,True,True,0.3458,0.3639,0.6667,0.3333,False,False,,,confianca_global_baixa | alerta_interno_do_aiec | aps_fora_ou_parcialmente_fora_do_dominio,confianca_global_baixa | alerta_interno_do_aiec | aps_fora_ou_parcialmente_fora_do_dominio,parcialmente_fora_dominio,fora_dominio,0.568269,0.527885,0.294761,0.323178,manter_irrigacao,manter_irrigacao,False,False,1.8667,1.9333,10.6,159,0.0,0.0,baixo,0,moderado,moderado,moderado,moderado,moderado,moderado
irrigado_run_1,irrigado,1,1979/08/04,47,manter_irrigacao,manter_irrigacao,manter_irrigacao,True,True,True,0.3496,0.3898,0.6667,0.3333,True,False,decisao_dependente_de_aps_fora_do_dominio,,confianca_global_baixa | alerta_interno_do_aiec | aps_fora_ou_parcialmente_fora_do_dominio | aps_alterou_a_decisao_no_teste_contrafactual,confianca_global_baixa | alerta_interno_do_aiec | aps_fora_ou_parcialmente_fora_do_dominio,parcialmente_fora_dominio,fora_dominio,0.554808,0.541346,0.280823,0.304746,iniciar_irrigacao,manter_irrigacao,True,False,2.2667,1.9333,10.0,154,0.0,0.0,baixo,0,alto,moderado,moderado,moderado,moderado,moderado
irrigado_run_1,irrigado,1,1979/08/05,48,manter_irrigacao,manter_irrigacao,manter_irrigacao,True,True,True,0.3435,0.3533,0.6667,0.3333,False,False,,,confianca_global_baixa | alerta_interno_do_aiec | aps_fora_ou_parcialmente_fora_do_dominio,confianca_global_baixa | alerta_interno_do_aiec | aps_fora_ou_parcialmente_fora_do_dominio,parcialmente_fora_dominio,fora_dominio,0.554808,0.541346,0.283385,0.332536,manter_irrigacao,manter_irrigacao,False,False,1.8667,1.9333,9.5,149,0.0,0.0,baixo,0,moderado,moderado,moderado,moderado,moderado,moderado
irrigado_run_1,irrigado,1,1979/08/06,49,manter_irrigacao,manter_irrigacao,manter_irrigacao,True,True,True,0.3429,0.355,0.6667,0.3333,False,False,,,confianca_global_baixa | alerta_interno_do_aiec | aps_fora_ou_parcialmente_fora_do_dominio,confianca_global_baixa | alerta_interno_do_aiec | aps_fora_ou_parcialmente_fora_do_dominio,parcialmente_fora_dominio,fora_dominio,0.554808,0.527885,0.293453,0.34304,manter_irrigacao,manter_irrigacao,False,False,1.8667,1.5333,11.0,154,0.0,0.0,baixo,0,moderado,moderado,moderado,baixo,moderado,moderado
irrigado_run_1,irrigado,1,1979/08/07,50,manter_irrigacao,manter_irrigacao,manter_irrigacao,True,True,True,0.3494,0.3639,0.6667,0.3333,False,False,,,confianca_global_baixa | alerta_interno_do_aiec | aps_fora_ou_parcialmente_fora_do_dominio,confianca_global_baixa | alerta_interno_do_aiec | aps_fora_ou_parcialmente_fora_do_dominio,parcialmente_fora_dominio,fora_dominio,0.554808,0.527885,0.280287,0.323178,manter_irrigacao,manter_irrigacao,False,False,1.8667,1.9333,10.2,149,0.0,0.0,baixo,0,moderado,moderado,moderado,moderado,moderado,moderado
irrigado_run_1,irrigado,1,1979/08/08,51,manter_irrigacao,manter_irrigacao,manter_irrigacao,True,True,True,0.3485,0.3462,0.3333,0.3333,False,False,,,confianca_global_baixa | alerta_interno_do_aiec | aps_fora_ou_parcialmente_fora_do_dominio,confianca_global_baixa | alerta_interno_do_aiec | aps_fora_ou_parcialmente_fora_do_dominio,parcialmente_fora_dominio,fora_dominio,0.554808,0.527885,0.362382,0.340722,manter_irrigacao,manter_irrigacao,False,False,1.5333,1.5333,12.1,166,0.0,0.0,baixo,0,baixo,moderado,moderado,baixo,moderado,moderado
irrigado_run_1,irrigado,1,1979/08/09,52,manter_irrigacao,manter_irrigacao,manter_irrigacao,True,True,True,0.3535,0.3674,0.3333,0.3333,False,False,,,confianca_global_baixa | alerta_interno_do_aiec | aps_fora_ou_parcialmente_fora_do_dominio,confianca_global_baixa | alerta_interno_do_aiec | aps_fora_ou_parcialmente_fora_do_dominio,parcialmente_fora_dominio,fora_dominio,0.554808,0.541346,0.359075,0.328711,manter_irrigacao,manter_irrigacao,False,False,1.9333,1.9333,11.0,161,0.0,0.0,baixo,0,moderado,moderado,moderado,moderado,moderado,moderado
irrigado_run_1,irrigado,1,1979/08/10,53,manter_irrigacao,manter_irrigacao,manter_irrigacao,True,True,True,0.3415,0.3381,0.3333,0.3333,False,False,,,confianca_global_baixa | alerta_interno_do_aiec | aps_fora_ou_parcialmente_fora_do_dominio,confianca_global_baixa | alerta_interno_do_aiec | aps_fora_ou_parcialmente_fora_do_dominio,fora_dominio,fora_dominio,0.541346,0.527885,0.364004,0.35094,manter_irrigacao,manter_irrigacao,False,False,1.9333,1.5333,14.5,202,0.0,0.0,baixo,0,moderado,moderado,moderado,baixo,moderado,moderado
irrigado_run_1,irrigado,1,1979/08/11,54,manter_irrigacao,manter_irrigacao,manter_irrigacao,True,True,True,0.3456,0.3587,0.3333,0.3333,False,False,,,confianca_global_baixa | alerta_interno_do_aiec | aps_fora_ou_parcialmente_fora_do_dominio,confianca_global_baixa | alerta_interno_do_aiec | aps_fora_ou_parcialmente_fora_do_dominio,fora_dominio,fora_dominio,0.541346,0.514423,0.358434,0.314255,manter_irrigacao,manter_irrigacao,False,False,1.5333,1.9333,12.1,175,0.0,0.0,baixo,0,baixo,moderado,moderado,moderado,moderado,moderado
irrigado_run_1,irrigado,1,1979/08/12,55,manter_irrigacao,manter_irrigacao,manter_irrigacao,True,True,True,0.3283,0.3248,0.3333,0.3333,False,False,,,confianca_global_baixa | alerta_interno_do_aiec | aps_fora_ou_parcialmente_fora_do_dominio,confianca_global_baixa | alerta_interno_do_aiec | aps_fora_ou_parcialmente_fora_do_dominio,fora_dominio,fora_dominio,0.527885,0.4875,0.356526,0.329677,manter_irrigacao,manter_irrigacao,False,False,1.5333,1.5333,14.3,198,0.0,0.0,baixo,0,baixo,moderado,moderado,baixo,moderado,moderado
irrigado_run_1,irrigado,1,1979/08/13,56,manter_irrigacao,manter_irrigacao,manter_irrigacao,True,True,True,0.3419,0.3437,0.3333,0.3333,False,False,,,confianca_global_baixa | alerta_interno_do_aiec | aps_fora_ou_parcialmente_fora_do_dominio,confianca_global_baixa | alerta_interno_do_aiec | aps_fora_ou_parcialmente_fora_do_dominio,parcialmente_fora_dominio,fora_dominio,0.554808,0.527885,0.375041,0.351066,manter_irrigacao,manter_irrigacao,False,False,1.5333,1.5333,14.3,202,0.0,0.0,baixo,0,baixo,moderado,moderado,baixo,moderado,moderado
irrigado_run_1,irrigado,1,1979/08/14,57,manter_irrigacao,manter_irrigacao,manter_irrigacao,True,True,True,0.3502,0.3653,0.6667,0.3333,True,False,decisao_dependente_de_aps_fora_do_dominio,,confianca_global_baixa | alerta_interno_do_aiec | aps_fora_ou_parcialmente_fora_do_dominio | aps_alterou_a_decisao_no_teste_contrafactual,confianca_global_baixa | alerta_interno_do_aiec | aps_fora_ou_parcialmente_fora_do_dominio,parcialmente_fora_dominio,fora_dominio,0.554808,0.541346,0.282362,0.325351,iniciar_irrigacao,manter_irrigacao,True,False,2.2667,1.9333,12.0,175,0.0,0.0,baixo,0,alto,moderado,moderado,moderado,moderado,moderado
irrigado_run_1,irrigado,1,1979/08/15,58,manter_irrigacao,manter_irrigacao,manter_irrigacao,True,True,True,0.3496,0.3916,0.6667,0.3333,True,False,decisao_dependente_de_aps_fora_do_dominio,,confianca_global_baixa | alerta_interno_do_aiec | aps_fora_ou_parcialmente_fora_do_dominio | aps_alterou_a_decisao_no_teste_contrafactual,confianca_global_baixa | alerta_interno_do_aiec | aps_fora_ou_parcialmente_fora_do_dominio,parcialmente_fora_dominio,fora_dominio,0.554808,0.541346,0.280823,0.307966,iniciar_irrigacao,manter_irrigacao,True,False,2.2667,1.9333,10.8,161,0.0,0.0,baixo,0,alto,moderado,moderado,moderado,moderado,moderado
irrigado_run_1,irrigado,1,1979/08/16,59,manter_irrigacao,manter_irrigacao,manter_irrigacao,True,True,True,0.3496,0.3639,0.6667,0.3333,True,False,decisao_dependente_de_aps_fora_do_dominio,,confianca_global_baixa | alerta_interno_do_aiec | aps_fora_ou_parcialmente_fora_do_dominio | aps_alterou_a_decisao_no_teste_contrafactual,confianca_global_baixa | alerta_interno_do_aiec | aps_fora_ou_parcialmente_fora_do_dominio,parcialmente_fora_dominio,fora_dominio,0.554808,0.527885,0.280823,0.323178,iniciar_irrigacao,manter_irrigacao,True,False,2.2667,1.9333,10.2,155,0.0,0.0,baixo,0,alto,moderado,moderado,moderado,moderado,moderado
irrigado_run_1,irrigado,1,1979/08/17,60,manter_irrigacao,manter_irrigacao,manter_irrigacao,True,True,True,0.351,0.3898,0.6667,0.3333,False,False,,,confianca_global_baixa | alerta_interno_do_aiec | aps_fora_ou_parcialmente_fora_do_dominio,confianca_global_baixa | alerta_interno_do_aiec | aps_fora_ou_parcialmente_fora_do_dominio,fora_dominio,fora_dominio,0.541346,0.541346,0.267169,0.304746,manter_irrigacao,manter_irrigacao,False,False,1.8667,1.9333,9.7,150,0.0,0.0,baixo,0,moderado,moderado,moderado,moderado,moderado,moderado
irrigado_run_1,irrigado,1,1979/08/18,61,manter_irrigacao,manter_irrigacao,manter_irrigacao,True,True,True,0.3556,0.3597,0.6667,0.3333,False,False,,,confianca_global_baixa | alerta_interno_do_aiec | aps_fora_ou_parcialmente_fora_do_dominio,confianca_global_baixa | alerta_interno_do_aiec | aps_fora_ou_parcialmente_fora_do_dominio,fora_dominio,fora_dominio,0.527885,0.514423,0.259359,0.315909,manter_irrigacao,manter_irrigacao,False,False,2.1667,1.9333,9.3,145,0.0,0.0,baixo,0,moderado,alto,moderado,moderado,moderado,moderado
irrigado_run_1,irrigado,1,1979/08/19,62,manter_irrigacao,manter_irrigacao,manter_irrigacao,True,True,True,0.355,0.3958,0.6667,0.3333,False,False,,,confianca_global_baixa | alerta_interno_do_aiec | aps_fora_ou_parcialmente_fora_do_dominio,confianca_global_baixa | alerta_interno_do_aiec | aps_fora_ou_parcialmente_fora_do_dominio,fora_dominio,fora_dominio,0.541346,0.541346,0.265963,0.300868,manter_irrigacao,manter_irrigacao,False,False,2.1667,1.9333,10.7,149,10.0,0.0,baixo,0,moderado,alto,moderado,moderado,moderado,moderado
irrigado_run_1,irrigado,1,1979/08/20,63,manter_irrigacao,iniciar_irrigacao,manter_irrigacao,False,True,False,0.3773,0.3898,0.6667,0.3333,True,False,baixa_confianca_para_intervencao | conflito_na_recomendacao_de_intervencao,,confianca_global_baixa | alerta_interno_do_aiec | aps_fora_ou_parcialmente_fora_do_dominio,confianca_global_baixa | alerta_interno_do_aiec | aps_fora_ou_parcialmente_fora_do_dominio,parcialmente_fora_dominio,fora_dominio,0.554808,0.541346,0.260877,0.304746,iniciar_irrigacao,manter_irrigacao,False,False,2.5667,1.9333,10.0,144,0.0,0.0,baixo,0,alto,alto,moderado,moderado,moderado,moderado
irrigado_run_1,irrigado,1,1979/08/21,64,manter_irrigacao,manter_irrigacao,manter_irrigacao,True,True,True,0.3503,0.3663,0.6667,0.3333,False,False,,,confianca_global_baixa | alerta_interno_do_aiec | aps_fora_ou_parcialmente_fora_do_dominio,confianca_global_baixa | alerta_interno_do_aiec | aps_fora_ou_parcialmente_fora_do_dominio,parcialmente_fora_dominio,fora_dominio,0.554808,0.541346,0.273775,0.327035,manter_irrigacao,manter_irrigacao,False,False,2.1667,1.9333,9.4,139,0.0,0.0,baixo,0,moderado,alto,moderado,moderado,moderado,moderado
irrigado_run_1,irrigado,1,1979/08/22,65,manter_irrigacao,manter_irrigacao,manter_irrigacao,True,True,True,0.4079,0.3588,0.3333,0.3333,False,False,,,alerta_interno_do_aiec | aps_fora_ou_parcialmente_fora_do_dominio,confianca_global_baixa | alerta_interno_do_aiec | aps_fora_ou_parcialmente_fora_do_dominio,parcialmente_fora_dominio,fora_dominio,0.554808,0.541346,0.294697,0.327852,manter_irrigacao,manter_irrigacao,False,False,1.9333,1.9333,10.5,144,10.0,0.0,baixo,0,moderado,moderado,moderado,moderado,moderado,moderado
irrigado_run_1,irrigado,1,1979/08/23,66,manter_irrigacao,manter_irrigacao,manter_irrigacao,True,True,True,0.343,0.3381,0.3333,0.3333,False,False,,,confianca_global_baixa | alerta_interno_do_aiec | aps_fora_ou_parcialmente_fora_do_dominio,confianca_global_baixa | alerta_interno_do_aiec | aps_fora_ou_parcialmente_fora_do_dominio,parcialmente_fora_dominio,fora_dominio,0.554808,0.527885,0.36602,0.35094,manter_irrigacao,manter_irrigacao,False,False,1.5333,1.5333,12.4,167,0.0,0.0,baixo,0,baixo,moderado,moderado,baixo,moderado,moderado
irrigado_run_1,irrigado,1,1979/08/24,67,manter_irrigacao,manter_irrigacao,manter_irrigacao,True,True,True,0.3543,0.367,0.3333,0.3333,False,False,,,confianca_global_baixa | alerta_interno_do_aiec | aps_fora_ou_parcialmente_fora_do_dominio,confianca_global_baixa | alerta_interno_do_aiec | aps_fora_ou_parcialmente_fora_do_dominio,parcialmente_fora_dominio,fora_dominio,0.554808,0.527885,0.358868,0.328113,manter_irrigacao,manter_irrigacao,False,False,1.5333,1.9333,11.8,164,0.0,0.0,baixo,0,baixo,moderado,moderado,moderado,moderado,moderado
irrigado_run_1,irrigado,1,1979/08/25,68,manter_irrigacao,manter_irrigacao,manter_irrigacao,True,True,True,0.3709,0.3611,0.3333,0.3333,False,False,,,confianca_global_baixa | alerta_interno_do_aiec | aps_fora_ou_parcialmente_fora_do_dominio,confianca_global_baixa | alerta_interno_do_aiec | aps_fora_ou_parcialmente_fora_do_dominio,parcialmente_fora_dominio,fora_dominio,0.568269,0.527885,0.363505,0.33796,manter_irrigacao,manter_irrigacao,False,False,1.5333,1.9333,12.5,170,0.0,0.0,baixo,0,baixo,moderado,moderado,moderado,moderado,moderado
irrigado_run_1,irrigado,1,1979/08/26,69,manter_irrigacao,manter_irrigacao,manter_irrigacao,True,True,True,0.3517,0.3642,0.3333,0.3333,False,False,,,confianca_global_baixa | alerta_interno_do_aiec | aps_fora_ou_parcialmente_fora_do_dominio,confianca_global_baixa | alerta_interno_do_aiec | aps_fora_ou_parcialmente_fora_do_dominio,parcialmente_fora_dominio,fora_dominio,0.554808,0.541346,0.355441,0.323658,manter_irrigacao,manter_irrigacao,False,False,1.5333,1.9333,11.2,163,0.0,0.0,baixo,0,baixo,moderado,moderado,moderado,moderado,moderado
irrigado_run_1,irrigado,1,1979/08/27,70,manter_irrigacao,manter_irrigacao,manter_irrigacao,True,True,True,0.3529,0.3453,0.6667,0.3333,True,False,decisao_dependente_de_aps_fora_do_dominio,,confianca_global_baixa | alerta_interno_do_aiec | aps_fora_ou_parcialmente_fora_do_dominio | aps_alterou_a_decisao_no_teste_contrafactual,confianca_global_baixa | alerta_interno_do_aiec | aps_fora_ou_parcialmente_fora_do_dominio,parcialmente_fora_dominio,fora_dominio,0.554808,0.541346,0.28845,0.353406,iniciar_irrigacao,manter_irrigacao,True,False,2.2667,1.5333,11.7,165,0.0,0.0,baixo,0,alto,moderado,moderado,baixo,moderado,moderado
irrigado_run_1,irrigado,1,1979/08/28,71,manter_irrigacao,manter_irrigacao,manter_irrigacao,True,True,True,0.3405,0.3695,0.6667,0.3333,False,False,,,confianca_global_baixa | alerta_interno_do_aiec | aps_fora_ou_parcialmente_fora_do_dominio,confianca_global_baixa | alerta_interno_do_aiec | aps_fora_ou_parcialmente_fora_do_dominio,parcialmente_fora_dominio,fora_dominio,0.554808,0.541346,0.297198,0.332038,manter_irrigacao,manter_irrigacao,False,False,1.8667,1.9333,11.4,162,0.0,0.0,baixo,0,moderado,moderado,moderado,moderado,moderado,moderado
irrigado_run_1,irrigado,1,1979/08/29,72,manter_irrigacao,manter_irrigacao,manter_irrigacao,True,True,True,0.3412,0.3936,0.6667,0.3333,False,False,,,confianca_global_baixa | alerta_interno_do_aiec | aps_fora_ou_parcialmente_fora_do_dominio,confianca_global_baixa | alerta_interno_do_aiec | aps_fora_ou_parcialmente_fora_do_dominio,parcialmente_fora_dominio,fora_dominio,0.554808,0.541346,0.294659,0.311156,manter_irrigacao,manter_irrigacao,False,False,1.8667,1.9333,10.8,157,0.0,0.0,baixo,0,moderado,moderado,moderado,moderado,moderado,moderado
irrigado_run_1,irrigado,1,1979/08/30,73,manter_irrigacao,manter_irrigacao,manter_irrigacao,True,True,True,0.3375,0.3653,0.6667,0.3333,False,False,,,confianca_global_baixa | alerta_interno_do_aiec | aps_fora_ou_parcialmente_fora_do_dominio,confianca_global_baixa | alerta_interno_do_aiec | aps_fora_ou_parcialmente_fora_do_dominio,parcialmente_fora_dominio,fora_dominio,0.554808,0.541346,0.281043,0.325351,manter_irrigacao,manter_irrigacao,False,False,1.8667,1.9333,10.3,152,0.0,0.0,baixo,0,moderado,moderado,moderado,moderado,moderado,moderado
irrigado_run_1,irrigado,1,1979/08/31,74,manter_irrigacao,manter_irrigacao,manter_irrigacao,True,True,True,0.3888,0.3383,0.3333,0.3333,False,False,,,confianca_global_baixa | alerta_interno_do_aiec | aps_fora_ou_parcialmente_fora_do_dominio,confianca_global_baixa | alerta_interno_do_aiec | aps_fora_ou_parcialmente_fora_do_dominio,parcialmente_fora_dominio,fora_dominio,0.554808,0.541346,0.319493,0.361388,manter_irrigacao,manter_irrigacao,False,False,1.9333,1.5333,11.7,160,0.0,0.0,baixo,0,moderado,moderado,moderado,baixo,moderado,moderado
irrigado_run_1,irrigado,1,1979/09/01,75,manter_irrigacao,manter_irrigacao,manter_irrigacao,True,True,True,0.3947,0.367,0.3333,0.3333,False,False,,,confianca_global_baixa | alerta_interno_do_aiec | aps_fora_ou_parcialmente_fora_do_dominio,confianca_global_baixa | alerta_interno_do_aiec | aps_fora_ou_parcialmente_fora_do_dominio,parcialmente_fora_dominio,fora_dominio,0.554808,0.527885,0.311822,0.328113,manter_irrigacao,manter_irrigacao,False,False,1.9333,1.9333,11.5,159,0.0,0.0,baixo,0,moderado,moderado,moderado,moderado,moderado,moderado
irrigado_run_1,irrigado,1,1979/09/02,76,manter_irrigacao,manter_irrigacao,manter_irrigacao,True,True,True,0.3428,0.3653,0.6667,0.3333,False,False,,,confianca_global_baixa | alerta_interno_do_aiec | aps_fora_ou_parcialmente_fora_do_dominio,confianca_global_baixa | alerta_interno_do_aiec | aps_fora_ou_parcialmente_fora_do_dominio,parcialmente_fora_dominio,fora_dominio,0.554808,0.541346,0.285889,0.325351,manter_irrigacao,manter_irrigacao,False,False,1.8667,1.9333,10.6,153,0.0,0.0,baixo,0,moderado,moderado,moderado,moderado,moderado,moderado
irrigado_run_1,irrigado,1,1979/09/03,77,manter_irrigacao,manter_irrigacao,manter_irrigacao,True,True,True,0.3817,0.354,0.3333,0.3333,False,False,,,confianca_global_baixa | alerta_interno_do_aiec | aps_fora_ou_parcialmente_fora_do_dominio,confianca_global_baixa | alerta_interno_do_aiec | aps_fora_ou_parcialmente_fora_do_dominio,fora_dominio,fora_dominio,0.541346,0.527885,0.312469,0.333725,manter_irrigacao,manter_irrigacao,False,False,1.9333,1.9333,10.3,150,0.0,0.0,baixo,0,moderado,moderado,moderado,moderado,moderado,moderado
irrigado_run_1,irrigado,1,1979/09/04,78,manter_irrigacao,manter_irrigacao,manter_irrigacao,True,True,True,0.3332,0.3311,0.6667,0.3333,False,False,,,confianca_global_baixa | alerta_interno_do_aiec | aps_fora_ou_parcialmente_fora_do_dominio,confianca_global_baixa | alerta_interno_do_aiec | aps_fora_ou_parcialmente_fora_do_dominio,fora_dominio,fora_dominio,0.514423,0.4875,0.276317,0.331506,manter_irrigacao,manter_irrigacao,False,False,1.8667,1.5333,11.6,158,0.0,0.0,baixo,0,moderado,moderado,moderado,baixo,moderado,moderado
irrigado_run_1,irrigado,1,1979/09/05,79,manter_irrigacao,manter_irrigacao,manter_irrigacao,True,True,True,0.3377,0.3397,0.3333,0.3333,False,False,,,confianca_global_baixa | alerta_interno_do_aiec | aps_fora_ou_parcialmente_fora_do_dominio,confianca_global_baixa | alerta_interno_do_aiec | aps_fora_ou_parcialmente_fora_do_dominio,fora_dominio,fora_dominio,0.541346,0.541346,0.358818,0.353228,manter_irrigacao,manter_irrigacao,False,False,1.9333,1.5333,14.5,200,0.0,0.0,baixo,0,moderado,moderado,moderado,baixo,moderado,moderado
irrigado_run_1,irrigado,1,1979/09/06,80,manter_irrigacao,manter_irrigacao,manter_irrigacao,True,True,True,0.346,0.3366,0.3333,0.3333,False,False,,,confianca_global_baixa | alerta_interno_do_aiec | aps_fora_ou_parcialmente_fora_do_dominio,confianca_global_baixa | alerta_interno_do_aiec | aps_fora_ou_parcialmente_fora_do_dominio,parcialmente_fora_dominio,fora_dominio,0.554808,0.527885,0.380206,0.359025,manter_irrigacao,manter_irrigacao,False,False,1.5333,1.5333,14.6,206,0.0,0.0,baixo,0,baixo,moderado,moderado,baixo,moderado,moderado
irrigado_run_1,irrigado,1,1979/09/07,81,manter_irrigacao,manter_irrigacao,manter_irrigacao,True,True,True,0.3497,0.3653,0.3333,0.3333,False,False,,,confianca_global_baixa | alerta_interno_do_aiec | aps_fora_ou_parcialmente_fora_do_dominio,confianca_global_baixa | alerta_interno_do_aiec | aps_fora_ou_parcialmente_fora_do_dominio,parcialmente_fora_dominio,fora_dominio,0.554808,0.541346,0.353919,0.325351,manter_irrigacao,manter_irrigacao,False,False,1.9333,1.9333,12.2,177,0.0,0.0,baixo,0,moderado,moderado,moderado,moderado,moderado,moderado
irrigado_run_1,irrigado,1,1979/09/08,82,manter_irrigacao,manter_irrigacao,manter_irrigacao,True,True,True,0.3777,0.3544,0.3333,0.3333,False,False,,,confianca_global_baixa | alerta_interno_do_aiec | aps_fora_ou_parcialmente_fora_do_dominio,confianca_global_baixa | alerta_interno_do_aiec | aps_fora_ou_parcialmente_fora_do_dominio,parcialmente_fora_dominio,fora_dominio,0.554808,0.541346,0.335405,0.334252,manter_irrigacao,manter_irrigacao,False,False,1.9333,1.9333,11.1,164,0.0,0.0,baixo,0,moderado,moderado,moderado,moderado,moderado,moderado
irrigado_run_1,irrigado,1,1979/09/09,83,manter_irrigacao,manter_irrigacao,manter_irrigacao,True,True,True,0.3528,0.3413,0.6667,0.3333,True,False,decisao_dependente_de_aps_fora_do_dominio,,confianca_global_baixa | alerta_interno_do_aiec | aps_fora_ou_parcialmente_fora_do_dominio | aps_alterou_a_decisao_no_teste_contrafactual,confianca_global_baixa | alerta_interno_do_aiec | aps_fora_ou_parcialmente_fora_do_dominio,fora_dominio,fora_dominio,0.541346,0.514423,0.282067,0.339098,iniciar_irrigacao,manter_irrigacao,True,False,2.2667,1.5333,12.8,177,0.0,0.0,baixo,0,alto,moderado,moderado,baixo,moderado,moderado
irrigado_run_1,irrigado,1,1979/09/10,84,manter_irrigacao,manter_irrigacao,manter_irrigacao,True,True,True,0.3355,0.3519,0.6667,0.3333,False,False,,,confianca_global_baixa | alerta_interno_do_aiec | aps_fora_ou_parcialmente_fora_do_dominio,confianca_global_baixa | alerta_interno_do_aiec | aps_fora_ou_parcialmente_fora_do_dominio,fora_dominio,fora_dominio,0.541346,0.527885,0.281991,0.330365,manter_irrigacao,manter_irrigacao,False,False,1.8667,1.9333,11.4,165,0.0,0.0,baixo,0,moderado,moderado,moderado,moderado,moderado,moderado
irrigado_run_1,irrigado,1,1979/09/11,85,manter_irrigacao,manter_irrigacao,manter_irrigacao,True,True,True,0.3431,0.3562,0.6667,0.3333,False,False,,,confianca_global_baixa | alerta_interno_do_aiec | aps_fora_ou_parcialmente_fora_do_dominio,confianca_global_baixa | alerta_interno_do_aiec | aps_fora_ou_parcialmente_fora_do_dominio,fora_dominio,fora_dominio,0.541346,0.527885,0.283106,0.337052,manter_irrigacao,manter_irrigacao,False,False,1.8667,1.9333,11.0,161,0.0,0.0,baixo,0,moderado,moderado,moderado,moderado,moderado,moderado
irrigado_run_1,irrigado,1,1979/09/12,86,manter_irrigacao,manter_irrigacao,manter_irrigacao,True,True,True,0.3401,0.3408,0.3333,0.3333,False,False,,,confianca_global_baixa | alerta_interno_do_aiec | aps_fora_ou_parcialmente_fora_do_dominio,confianca_global_baixa | alerta_interno_do_aiec | aps_fora_ou_parcialmente_fora_do_dominio,fora_dominio,fora_dominio,0.541346,0.541346,0.372733,0.36484,manter_irrigacao,manter_irrigacao,False,False,1.5333,1.5333,12.3,171,0.0,0.0,baixo,0,baixo,moderado,moderado,baixo,moderado,moderado
irrigado_run_1,irrigado,1,1979/09/13,87,manter_irrigacao,manter_irrigacao,manter_irrigacao,True,True,True,0.3535,0.3453,0.6667,0.3333,True,False,decisao_dependente_de_aps_fora_do_dominio,,confianca_global_baixa | alerta_interno_do_aiec | aps_fora_ou_parcialmente_fora_do_dominio | aps_alterou_a_decisao_no_teste_contrafactual,confianca_global_baixa | alerta_interno_do_aiec | aps_fora_ou_parcialmente_fora_do_dominio,parcialmente_fora_dominio,fora_dominio,0.554808,0.541346,0.289956,0.353406,iniciar_irrigacao,manter_irrigacao,True,False,2.2667,1.5333,12.6,175,0.0,0.0,baixo,0,alto,moderado,moderado,baixo,moderado,moderado
irrigado_run_1,irrigado,1,1979/09/14,88,manter_irrigacao,manter_irrigacao,manter_irrigacao,True,True,True,0.339,0.3429,0.3333,0.3333,False,False,,,confianca_global_baixa | alerta_interno_do_aiec | aps_fora_ou_parcialmente_fora_do_dominio,confianca_global_baixa | alerta_interno_do_aiec | aps_fora_ou_parcialmente_fora_do_dominio,fora_dominio,fora_dominio,0.541346,0.527885,0.360556,0.341521,manter_irrigacao,manter_irrigacao,False,False,1.9333,1.5333,13.7,189,0.0,0.0,baixo,0,moderado,moderado,moderado,baixo,moderado,moderado
irrigado_run_1,irrigado,1,1979/09/15,89,manter_irrigacao,manter_irrigacao,manter_irrigacao,True,True,True,0.3362,0.3375,0.3333,0.3333,False,False,,,confianca_global_baixa | alerta_interno_do_aiec | aps_fora_ou_parcialmente_fora_do_dominio,confianca_global_baixa | alerta_interno_do_aiec | aps_fora_ou_parcialmente_fora_do_dominio,fora_dominio,fora_dominio,0.541346,0.514423,0.367572,0.341838,manter_irrigacao,manter_irrigacao,False,False,1.5333,1.5333,13.7,191,0.0,0.0,baixo,0,baixo,moderado,moderado,baixo,moderado,moderado
irrigado_run_1,irrigado,1,1979/09/16,90,manter_irrigacao,manter_irrigacao,manter_irrigacao,True,True,True,0.3375,0.3369,0.3333,0.3333,False,False,,,confianca_global_baixa | alerta_interno_do_aiec | aps_fora_ou_parcialmente_fora_do_dominio,confianca_global_baixa | alerta_interno_do_aiec | aps_fora_ou_parcialmente_fora_do_dominio,fora_dominio,fora_dominio,0.541346,0.527885,0.369302,0.349223,manter_irrigacao,manter_irrigacao,False,False,1.5333,1.5333,15.1,214,0.0,0.0,baixo,0,baixo,moderado,moderado,baixo,moderado,moderado
irrigado_run_1,irrigado,1,1979/09/17,91,manter_irrigacao,manter_irrigacao,manter_irrigacao,True,True,True,0.3349,0.353,0.3333,0.3333,False,False,,,confianca_global_baixa | alerta_interno_do_aiec | aps_fora_ou_parcialmente_fora_do_dominio,confianca_global_baixa | alerta_interno_do_aiec | aps_fora_ou_parcialmente_fora_do_dominio,fora_dominio,fora_dominio,0.541346,0.527885,0.365832,0.332049,manter_irrigacao,manter_irrigacao,False,False,1.5333,1.9333,12.7,187,0.0,0.0,baixo,0,baixo,moderado,moderado,moderado,moderado,moderado
irrigado_run_1,irrigado,1,1979/09/18,92,manter_irrigacao,manter_irrigacao,manter_irrigacao,True,True,True,0.3502,0.353,0.6667,0.3333,True,False,decisao_dependente_de_aps_fora_do_dominio,,confianca_global_baixa | alerta_interno_do_aiec | aps_fora_ou_parcialmente_fora_do_dominio | aps_alterou_a_decisao_no_teste_contrafactual,confianca_global_baixa | alerta_interno_do_aiec | aps_fora_ou_parcialmente_fora_do_dominio,parcialmente_fora_dominio,fora_dominio,0.554808,0.527885,0.282362,0.332049,iniciar_irrigacao,manter_irrigacao,True,False,2.2667,1.9333,11.3,168,0.0,0.0,baixo,0,alto,moderado,moderado,moderado,moderado,moderado
irrigado_run_1,irrigado,1,1979/09/19,93,manter_irrigacao,manter_irrigacao,manter_irrigacao,True,True,True,0.3568,0.353,0.6667,0.3333,True,False,decisao_dependente_de_aps_fora_do_dominio,,confianca_global_baixa | alerta_interno_do_aiec | aps_fora_ou_parcialmente_fora_do_dominio | aps_alterou_a_decisao_no_teste_contrafactual,confianca_global_baixa | alerta_interno_do_aiec | aps_fora_ou_parcialmente_fora_do_dominio,parcialmente_fora_dominio,fora_dominio,0.554808,0.527885,0.282019,0.332049,iniciar_irrigacao,manter_irrigacao,True,False,2.2667,1.9333,10.6,160,0.0,0.0,baixo,0,alto,moderado,moderado,moderado,moderado,moderado
irrigado_run_1,irrigado,1,1979/09/20,94,manter_irrigacao,manter_irrigacao,manter_irrigacao,True,True,True,0.3536,0.3639,0.6667,0.3333,True,False,decisao_dependente_de_aps_fora_do_dominio,,confianca_global_baixa | alerta_interno_do_aiec | aps_fora_ou_parcialmente_fora_do_dominio | aps_alterou_a_decisao_no_teste_contrafactual,confianca_global_baixa | alerta_interno_do_aiec | aps_fora_ou_parcialmente_fora_do_dominio,fora_dominio,fora_dominio,0.541346,0.527885,0.27407,0.323178,iniciar_irrigacao,manter_irrigacao,True,False,2.2667,1.9333,10.1,155,0.0,0.0,baixo,0,alto,moderado,moderado,moderado,moderado,moderado
irrigado_run_1,irrigado,1,1979/09/21,95,manter_irrigacao,manter_irrigacao,manter_irrigacao,True,True,True,0.3533,0.3578,0.6667,0.3333,False,False,,,confianca_global_baixa | alerta_interno_do_aiec | aps_fora_ou_parcialmente_fora_do_dominio,confianca_global_baixa | alerta_interno_do_aiec | aps_fora_ou_parcialmente_fora_do_dominio,fora_dominio,fora_dominio,0.541346,0.541346,0.263387,0.326139,manter_irrigacao,manter_irrigacao,False,False,2.1667,1.9333,11.4,160,8.0,0.0,baixo,0,moderado,alto,moderado,moderado,moderado,moderado
irrigado_run_1,irrigado,1,1979/09/22,96,manter_irrigacao,manter_irrigacao,manter_irrigacao,True,True,True,0.398,0.3441,0.3333,0.3333,False,False,,,confianca_global_baixa | alerta_interno_do_aiec | aps_fora_ou_parcialmente_fora_do_dominio,confianca_global_baixa | alerta_interno_do_aiec | aps_fora_ou_parcialmente_fora_do_dominio,fora_dominio,fora_dominio,0.541346,0.541346,0.300359,0.351683,manter_irrigacao,manter_irrigacao,False,False,1.9333,1.5333,11.7,163,0.0,0.0,baixo,0,moderado,moderado,moderado,baixo,moderado,moderado
irrigado_run_1,irrigado,1,1979/09/23,97,manter_irrigacao,manter_irrigacao,manter_irrigacao,True,True,True,0.3504,0.3499,0.3333,0.3333,False,False,,,confianca_global_baixa | alerta_interno_do_aiec | aps_fora_ou_parcialmente_fora_do_dominio,confianca_global_baixa | alerta_interno_do_aiec | aps_fora_ou_parcialmente_fora_do_dominio,fora_dominio,fora_dominio,0.527885,0.500962,0.357224,0.327079,manter_irrigacao,manter_irrigacao,False,False,1.5333,1.9333,11.3,161,0.0,0.0,baixo,0,baixo,moderado,moderado,moderado,moderado,moderado
irrigado_run_1,irrigado,1,1979/09/24,98,manter_irrigacao,manter_irrigacao,manter_irrigacao,True,True,True,0.3296,0.3273,0.3333,0.3333,False,False,,,confianca_global_baixa | alerta_interno_do_aiec | aps_fora_ou_parcialmente_fora_do_dominio,confianca_global_baixa | alerta_interno_do_aiec | aps_fora_ou_parcialmente_fora_do_dominio,fora_dominio,fora_dominio,0.514423,0.500962,0.346955,0.334017,manter_irrigacao,manter_irrigacao,False,False,1.5333,1.5333,13.7,188,0.0,0.0,baixo,0,baixo,moderado,moderado,baixo,moderado,moderado
irrigado_run_1,irrigado,1,1979/09/25,99,manter_irrigacao,manter_irrigacao,manter_irrigacao,True,True,True,0.3342,0.3437,0.3333,0.3333,False,False,,,confianca_global_baixa | alerta_interno_do_aiec | aps_fora_ou_parcialmente_fora_do_dominio,confianca_global_baixa | alerta_interno_do_aiec | aps_fora_ou_parcialmente_fora_do_dominio,fora_dominio,fora_dominio,0.514423,0.4875,0.353749,0.316269,manter_irrigacao,manter_irrigacao,False,False,1.5333,1.9333,13.5,188,0.0,0.0,baixo,0,baixo,moderado,moderado,moderado,moderado,moderado
irrigado_run_1,irrigado,1,1979/09/26,100,manter_irrigacao,manter_irrigacao,manter_irrigacao,True,True,True,0.3307,0.3335,0.3333,0.3333,False,False,,,confianca_global_baixa | alerta_interno_do_aiec | aps_fora_ou_parcialmente_fora_do_dominio,confianca_global_baixa | alerta_interno_do_aiec | aps_fora_ou_parcialmente_fora_do_dominio,fora_dominio,fora_dominio,0.527885,0.527885,0.36001,0.344017,manter_irrigacao,manter_irrigacao,False,False,1.5333,1.5333,15.6,227,0.0,0.0,baixo,0,baixo,moderado,moderado,baixo,moderado,moderado
irrigado_run_1,irrigado,1,1979/09/27,101,manter_irrigacao,manter_irrigacao,manter_irrigacao,True,True,True,0.3471,0.3477,0.3333,0.3333,False,False,,,confianca_global_baixa | alerta_interno_do_aiec | aps_fora_ou_parcialmente_fora_do_dominio,confianca_global_baixa | alerta_interno_do_aiec | aps_fora_ou_parcialmente_fora_do_dominio,parcialmente_fora_dominio,fora_dominio,0.554808,0.541346,0.371431,0.356824,manter_irrigacao,manter_irrigacao,False,False,1.9333,1.5333,15.2,226,0.0,0.0,baixo,0,moderado,moderado,moderado,baixo,moderado,moderado
irrigado_run_1,irrigado,1,1979/09/28,102,manter_irrigacao,manter_irrigacao,manter_irrigacao,True,True,True,0.3839,0.353,0.3333,0.3333,False,False,,,confianca_global_baixa | alerta_interno_do_aiec | aps_fora_ou_parcialmente_fora_do_dominio,confianca_global_baixa | alerta_interno_do_aiec | aps_fora_ou_parcialmente_fora_do_dominio,fora_dominio,fora_dominio,0.541346,0.527885,0.319998,0.332049,manter_irrigacao,manter_irrigacao,False,False,1.9333,1.9333,12.9,198,0.0,0.0,baixo,0,moderado,moderado,moderado,moderado,moderado,moderado
irrigado_run_1,irrigado,1,1979/09/29,103,manter_irrigacao,manter_irrigacao,manter_irrigacao,True,True,True,0.3287,0.3299,0.3333,0.3333,False,False,,,confianca_global_baixa | alerta_interno_do_aiec | aps_fora_ou_parcialmente_fora_do_dominio,confianca_global_baixa | alerta_interno_do_aiec | aps_fora_ou_parcialmente_fora_do_dominio,fora_dominio,fora_dominio,0.514423,0.514423,0.345446,0.338211,manter_irrigacao,manter_irrigacao,False,False,1.9333,1.5333,16.3,244,0.0,0.0,baixo,0,moderado,moderado,moderado,baixo,moderado,moderado
irrigado_run_1,irrigado,1,1979/09/30,104,manter_irrigacao,manter_irrigacao,manter_irrigacao,True,True,True,0.3469,0.3475,0.6667,0.3333,True,False,decisao_dependente_de_aps_fora_do_dominio,,confianca_global_baixa | alerta_interno_do_aiec | aps_fora_ou_parcialmente_fora_do_dominio | aps_alterou_a_decisao_no_teste_contrafactual,confianca_global_baixa | alerta_interno_do_aiec | aps_fora_ou_parcialmente_fora_do_dominio,fora_dominio,fora_dominio,0.541346,0.514423,0.266861,0.322997,iniciar_irrigacao,manter_irrigacao,True,False,2.2667,1.9333,13.8,216,0.0,0.0,baixo,0,alto,moderado,moderado,moderado,moderado,moderado
irrigado_run_1,irrigado,1,1979/10/01,105,manter_irrigacao,manter_irrigacao,manter_irrigacao,True,True,True,0.3368,0.3515,0.6667,0.3333,False,False,,,confianca_global_baixa | alerta_interno_do_aiec | aps_fora_ou_parcialmente_fora_do_dominio,confianca_global_baixa | alerta_interno_do_aiec | aps_fora_ou_parcialmente_fora_do_dominio,fora_dominio,fora_dominio,0.541346,0.514423,0.28904,0.329659,manter_irrigacao,manter_irrigacao,False,False,1.8667,1.9333,12.9,200,0.0,0.0,baixo,0,moderado,moderado,moderado,moderado,moderado,moderado
irrigado_run_1,irrigado,1,1979/10/02,106,manter_irrigacao,manter_irrigacao,manter_irrigacao,True,True,True,0.3498,0.3587,0.6667,0.3333,True,False,decisao_dependente_de_aps_fora_do_dominio,,confianca_global_baixa | alerta_interno_do_aiec | aps_fora_ou_parcialmente_fora_do_dominio | aps_alterou_a_decisao_no_teste_contrafactual,confianca_global_baixa | alerta_interno_do_aiec | aps_fora_ou_parcialmente_fora_do_dominio,fora_dominio,fora_dominio,0.541346,0.514423,0.274544,0.314255,iniciar_irrigacao,manter_irrigacao,True,False,2.2667,1.9333,11.4,175,0.0,0.0,baixo,0,alto,moderado,moderado,moderado,moderado,moderado
irrigado_run_1,irrigado,1,1979/10/03,107,manter_irrigacao,manter_irrigacao,manter_irrigacao,True,True,True,0.3447,0.3597,0.6667,0.3333,True,False,decisao_dependente_de_aps_fora_do_dominio,,confianca_global_baixa | alerta_interno_do_aiec | aps_fora_ou_parcialmente_fora_do_dominio | aps_alterou_a_decisao_no_teste_contrafactual,confianca_global_baixa | alerta_interno_do_aiec | aps_fora_ou_parcialmente_fora_do_dominio,fora_dominio,fora_dominio,0.541346,0.514423,0.268183,0.315909,iniciar_irrigacao,manter_irrigacao,True,False,2.2667,1.9333,10.5,162,0.0,0.0,baixo,0,alto,moderado,moderado,moderado,moderado,moderado
irrigado_run_1,irrigado,1,1979/10/04,108,manter_irrigacao,manter_irrigacao,manter_irrigacao,True,True,True,0.3447,0.3486,0.6667,0.3333,False,False,,,confianca_global_baixa | alerta_interno_do_aiec | aps_fora_ou_parcialmente_fora_do_dominio,confianca_global_baixa | alerta_interno_do_aiec | aps_fora_ou_parcialmente_fora_do_dominio,fora_dominio,fora_dominio,0.500962,0.4875,0.256636,0.310091,manter_irrigacao,manter_irrigacao,False,False,2.1667,1.9333,11.5,164,8.0,0.0,baixo,0,moderado,alto,moderado,moderado,moderado,moderado
irrigado_run_1,irrigado,1,1979/10/05,109,manter_irrigacao,manter_irrigacao,manter_irrigacao,True,True,True,0.3598,0.3543,0.6667,0.3333,False,False,,,confianca_global_baixa | alerta_interno_do_aiec | aps_fora_ou_parcialmente_fora_do_dominio,confianca_global_baixa | alerta_interno_do_aiec | aps_fora_ou_parcialmente_fora_do_dominio,fora_dominio,fora_dominio,0.500962,0.4875,0.24819,0.306021,manter_irrigacao,manter_irrigacao,False,False,2.1667,1.9333,10.7,158,0.0,0.0,baixo,0,moderado,alto,moderado,moderado,moderado,moderado
irrigado_run_1,irrigado,1,1979/10/06,110,manter_irrigacao,manter_irrigacao,manter_irrigacao,True,True,True,0.3442,0.3428,0.6667,0.3333,False,False,,,confianca_global_baixa | alerta_interno_do_aiec | aps_fora_ou_parcialmente_fora_do_dominio,confianca_global_baixa | alerta_interno_do_aiec | aps_fora_ou_parcialmente_fora_do_dominio,fora_dominio,fora_dominio,0.500962,0.4875,0.255177,0.314639,manter_irrigacao,manter_irrigacao,False,False,2.1667,1.9333,10.2,153,0.0,0.0,baixo,0,moderado,alto,moderado,moderado,moderado,moderado
irrigado_run_1,irrigado,1,1979/10/07,111,manter_irrigacao,manter_irrigacao,manter_irrigacao,True,True,True,0.3442,0.3428,0.6667,0.3333,False,False,,,confianca_global_baixa | alerta_interno_do_aiec | aps_fora_ou_parcialmente_fora_do_dominio,confianca_global_baixa | alerta_interno_do_aiec | aps_fora_ou_parcialmente_fora_do_dominio,fora_dominio,fora_dominio,0.500962,0.4875,0.255177,0.314639,manter_irrigacao,manter_irrigacao,False,False,2.1667,1.9333,9.7,148,0.0,0.0,baixo,0,moderado,alto,moderado,moderado,moderado,moderado
irrigado_run_1,irrigado,1,1979/10/08,112,manter_irrigacao,manter_irrigacao,manter_irrigacao,True,True,True,0.3601,0.3428,0.6667,0.3333,False,False,,,confianca_global_baixa | alerta_interno_do_aiec | aps_fora_ou_parcialmente_fora_do_dominio,confianca_global_baixa | alerta_interno_do_aiec | aps_fora_ou_parcialmente_fora_do_dominio,fora_dominio,fora_dominio,0.500962,0.4875,0.247966,0.314639,manter_irrigacao,manter_irrigacao,False,False,2.1667,1.9333,9.3,144,0.0,0.0,baixo,0,moderado,alto,moderado,moderado,moderado,moderado
irrigado_run_1,irrigado,1,1979/10/09,113,manter_irrigacao,manter_irrigacao,manter_irrigacao,True,True,True,0.3984,0.3478,0.3333,0.3333,False,False,,,confianca_global_baixa | alerta_interno_do_aiec | aps_fora_ou_parcialmente_fora_do_dominio,confianca_global_baixa | alerta_interno_do_aiec | aps_fora_ou_parcialmente_fora_do_dominio,fora_dominio,fora_dominio,0.500962,0.4875,0.277282,0.308466,manter_irrigacao,manter_irrigacao,False,False,1.9333,1.9333,11.0,152,12.0,0.0,baixo,0,moderado,moderado,moderado,moderado,moderado,moderado
irrigado_run_1,irrigado,1,1979/10/10,114,manter_irrigacao,manter_irrigacao,manter_irrigacao,True,True,True,0.4063,0.3428,0.3333,0.3333,False,False,,,alerta_interno_do_aiec | aps_fora_ou_parcialmente_fora_do_dominio,confianca_global_baixa | alerta_interno_do_aiec | aps_fora_ou_parcialmente_fora_do_dominio,fora_dominio,fora_dominio,0.500962,0.4875,0.271321,0.314639,manter_irrigacao,manter_irrigacao,False,False,1.9333,1.9333,10.3,148,0.0,0.0,baixo,0,moderado,moderado,moderado,moderado,moderado,moderado
irrigado_run_1,irrigado,1,1979/10/11,115,manter_irrigacao,manter_irrigacao,manter_irrigacao,True,True,True,0.4063,0.3428,0.3333,0.3333,False,False,,,alerta_interno_do_aiec | aps_fora_ou_parcialmente_fora_do_dominio,confianca_global_baixa | alerta_interno_do_aiec | aps_fora_ou_parcialmente_fora_do_dominio,fora_dominio,fora_dominio,0.500962,0.4875,0.271321,0.314639,manter_irrigacao,manter_irrigacao,False,False,1.9333,1.9333,9.8,144,0.0,0.0,baixo,0,moderado,moderado,moderado,moderado,moderado,moderado
irrigado_run_1,irrigado,1,1979/10/12,116,manter_irrigacao,manter_irrigacao,manter_irrigacao,True,True,True,0.3984,0.3428,0.3333,0.3333,False,False,,,confianca_global_baixa | alerta_interno_do_aiec | aps_fora_ou_parcialmente_fora_do_dominio,confianca_global_baixa | alerta_interno_do_aiec | aps_fora_ou_parcialmente_fora_do_dominio,fora_dominio,fora_dominio,0.500962,0.4875,0.277282,0.314639,manter_irrigacao,manter_irrigacao,False,False,1.9333,1.9333,9.3,140,0.0,0.0,baixo,0,moderado,moderado,moderado,moderado,moderado,moderado
irrigado_run_1,irrigado,1,1979/10/13,117,manter_irrigacao,manter_irrigacao,manter_irrigacao,True,True,True,0.3418,0.338,0.6667,0.3333,False,False,,,confianca_global_baixa | alerta_interno_do_aiec | aps_fora_ou_parcialmente_fora_do_dominio,confianca_global_baixa | alerta_interno_do_aiec | aps_fora_ou_parcialmente_fora_do_dominio,fora_dominio,fora_dominio,0.4875,0.474038,0.247139,0.305384,manter_irrigacao,manter_irrigacao,False,False,2.1667,1.9333,9.1,138,0.0,0.0,baixo,0,moderado,alto,moderado,moderado,moderado,moderado
irrigado_run_1,irrigado,1,1979/10/14,118,manter_irrigacao,manter_irrigacao,manter_irrigacao,True,True,True,0.3949,0.344,0.3333,0.3333,False,False,,,confianca_global_baixa | alerta_interno_do_aiec | aps_fora_ou_parcialmente_fora_do_dominio,confianca_global_baixa | alerta_interno_do_aiec | aps_fora_ou_parcialmente_fora_do_dominio,fora_dominio,fora_dominio,0.4875,0.474038,0.272762,0.30091,manter_irrigacao,manter_irrigacao,False,False,1.9333,1.9333,10.4,144,8.0,0.0,baixo,0,moderado,moderado,moderado,moderado,moderado,moderado
irrigado_run_1,irrigado,1,1979/10/15,119,manter_irrigacao,manter_irrigacao,manter_irrigacao,True,True,True,0.3446,0.3428,0.6667,0.3333,False,False,,,confianca_global_baixa | alerta_interno_do_aiec | aps_fora_ou_parcialmente_fora_do_dominio,confianca_global_baixa | alerta_interno_do_aiec | aps_fora_ou_parcialmente_fora_do_dominio,fora_dominio,fora_dominio,0.500962,0.4875,0.254917,0.314639,manter_irrigacao,manter_irrigacao,False,False,2.1667,1.9333,9.7,140,0.0,0.0,baixo,0,moderado,alto,moderado,moderado,moderado,moderado
irrigado_run_1,irrigado,1,1979/10/16,120,manter_irrigacao,manter_irrigacao,manter_irrigacao,True,True,True,0.3442,0.3428,0.6667,0.3333,False,False,,,confianca_global_baixa | alerta_interno_do_aiec | aps_fora_ou_parcialmente_fora_do_dominio,confianca_global_baixa | alerta_interno_do_aiec | aps_fora_ou_parcialmente_fora_do_dominio,fora_dominio,fora_dominio,0.500962,0.4875,0.255177,0.314639,manter_irrigacao,manter_irrigacao,False,False,2.1667,1.9333,9.2,137,0.0,0.0,baixo,0,moderado,alto,moderado,moderado,moderado,moderado
irrigado_run_1,irrigado,1,1979/10/17,121,manter_irrigacao,manter_irrigacao,manter_irrigacao,True,True,True,0.3617,0.3451,0.6667,0.3333,False,False,,,confianca_global_baixa | alerta_interno_do_aiec | aps_fora_ou_parcialmente_fora_do_dominio,confianca_global_baixa | alerta_interno_do_aiec | aps_fora_ou_parcialmente_fora_do_dominio,fora_dominio,fora_dominio,0.514423,0.500962,0.252944,0.318888,manter_irrigacao,manter_irrigacao,False,False,2.1667,1.9333,8.7,133,0.0,0.0,baixo,0,moderado,alto,moderado,moderado,moderado,moderado
irrigado_run_1,irrigado,1,1979/10/18,122,manter_irrigacao,manter_irrigacao,manter_irrigacao,True,True,True,0.3348,0.3354,0.6667,0.3333,False,False,,,confianca_global_baixa | alerta_interno_do_aiec | aps_fora_ou_parcialmente_fora_do_dominio,confianca_global_baixa | alerta_interno_do_aiec | aps_fora_ou_parcialmente_fora_do_dominio,fora_dominio,fora_dominio,0.4875,0.474038,0.25136,0.296835,manter_irrigacao,manter_irrigacao,False,False,1.8667,1.9333,8.5,131,0.0,0.0,baixo,0,moderado,moderado,moderado,moderado,moderado,moderado
irrigado_run_1,irrigado,1,1979/10/19,123,manter_irrigacao,manter_irrigacao,manter_irrigacao,True,True,True,0.3394,0.3342,0.6667,0.3333,False,False,,,confianca_global_baixa | alerta_interno_do_aiec | aps_fora_ou_parcialmente_fora_do_dominio,confianca_global_baixa | alerta_interno_do_aiec | aps_fora_ou_parcialmente_fora_do_dominio,fora_dominio,fora_dominio,0.474038,0.460577,0.238974,0.294117,manter_irrigacao,manter_irrigacao,False,False,1.8667,1.9333,8.4,130,0.0,0.0,baixo,0,moderado,moderado,moderado,moderado,moderado,moderado
irrigado_run_1,irrigado,1,1979/10/20,124,manter_irrigacao,manter_irrigacao,manter_irrigacao,True,True,True,0.3387,0.3382,0.6667,0.3333,False,False,,,confianca_global_baixa | alerta_interno_do_aiec | aps_fora_ou_parcialmente_fora_do_dominio,confianca_global_baixa | alerta_interno_do_aiec | aps_fora_ou_parcialmente_fora_do_dominio,fora_dominio,fora_dominio,0.474038,0.4875,0.236076,0.302713,manter_irrigacao,manter_irrigacao,False,False,1.8667,1.9333,8.4,129,0.0,0.0,baixo,0,moderado,moderado,moderado,moderado,moderado,moderado
irrigado_run_1,irrigado,1,1979/10/21,125,manter_irrigacao,manter_irrigacao,manter_irrigacao,True,True,True,0.347,0.3342,0.6667,0.3333,False,False,,,confianca_global_baixa | alerta_interno_do_aiec | aps_fora_ou_parcialmente_fora_do_dominio,confianca_global_baixa | alerta_interno_do_aiec | aps_fora_ou_parcialmente_fora_do_dominio,fora_dominio,fora_dominio,0.460577,0.460577,0.228869,0.294117,manter_irrigacao,manter_irrigacao,False,False,2.2667,1.9333,8.3,128,0.0,0.0,baixo,0,alto,moderado,moderado,moderado,moderado,moderado
irrigado_run_1,irrigado,1,1979/10/22,126,manter_irrigacao,manter_irrigacao,manter_irrigacao,True,True,True,0.3479,0.3382,0.6667,0.3333,False,False,,,confianca_global_baixa | alerta_interno_do_aiec | aps_fora_ou_parcialmente_fora_do_dominio,confianca_global_baixa | alerta_interno_do_aiec | aps_fora_ou_parcialmente_fora_do_dominio,fora_dominio,fora_dominio,0.474038,0.4875,0.232568,0.302713,manter_irrigacao,manter_irrigacao,False,False,2.2667,1.9333,8.2,127,0.0,0.0,baixo,0,alto,moderado,moderado,moderado,moderado,moderado
irrigado_run_1,irrigado,1,1979/10/23,127,manter_irrigacao,manter_irrigacao,manter_irrigacao,True,True,True,0.3477,0.3342,0.6667,0.3333,False,False,,,confianca_global_baixa | alerta_interno_do_aiec | aps_fora_ou_parcialmente_fora_do_dominio,confianca_global_baixa | alerta_interno_do_aiec | aps_fora_ou_parcialmente_fora_do_dominio,fora_dominio,fora_dominio,0.460577,0.460577,0.231661,0.294117,manter_irrigacao,manter_irrigacao,False,False,2.2667,1.9333,8.2,126,0.0,0.0,baixo,0,alto,moderado,moderado,moderado,moderado,moderado
irrigado_run_1,irrigado,1,1979/10/24,128,manter_irrigacao,manter_irrigacao,manter_irrigacao,True,True,True,0.348,0.3425,0.6667,0.3333,False,False,,,confianca_global_baixa | alerta_interno_do_aiec | aps_fora_ou_parcialmente_fora_do_dominio,confianca_global_baixa | alerta_interno_do_aiec | aps_fora_ou_parcialmente_fora_do_dominio,fora_dominio,fora_dominio,0.460577,0.4875,0.233048,0.31099,manter_irrigacao,manter_irrigacao,False,False,2.2667,1.9333,8.1,126,0.0,0.0,baixo,3114,alto,moderado,moderado,moderado,moderado,moderado
sem_irrigacao_run_2,sem_irrigacao,2,1979/06/19,1,manter_irrigacao,manter_irrigacao,manter_irrigacao,True,True,True,0.3398,0.3471,0.3333,0.3333,False,False,,,confianca_global_baixa | alerta_interno_do_aiec | aps_fora_ou_parcialmente_fora_do_dominio,confianca_global_baixa | alerta_interno_do_aiec | aps_fora_ou_parcialmente_fora_do_dominio,fora_dominio,fora_dominio,0.514423,0.514423,0.326915,0.319271,manter_irrigacao,manter_irrigacao,False,False,1.9333,1.9333,10.0,155,0.0,0.0,baixo,0,moderado,moderado,moderado,moderado,moderado,moderado
sem_irrigacao_run_2,sem_irrigacao,2,1979/06/20,2,manter_irrigacao,manter_irrigacao,manter_irrigacao,True,True,True,0.3262,0.3429,0.3333,0.3333,False,False,,,confianca_global_baixa | alerta_interno_do_aiec | aps_fora_ou_parcialmente_fora_do_dominio,confianca_global_baixa | alerta_interno_do_aiec | aps_fora_ou_parcialmente_fora_do_dominio,fora_dominio,fora_dominio,0.500962,0.500962,0.327759,0.311863,manter_irrigacao,manter_irrigacao,False,False,1.9333,1.9333,10.0,155,0.0,0.0,baixo,0,moderado,moderado,moderado,moderado,moderado,moderado
sem_irrigacao_run_2,sem_irrigacao,2,1979/06/21,3,manter_irrigacao,manter_irrigacao,manter_irrigacao,True,True,True,0.3288,0.3352,0.3333,0.3333,False,False,,,confianca_global_baixa | alerta_interno_do_aiec | aps_fora_ou_parcialmente_fora_do_dominio,confianca_global_baixa | alerta_interno_do_aiec | aps_fora_ou_parcialmente_fora_do_dominio,fora_dominio,fora_dominio,0.500962,0.4875,0.332507,0.320294,manter_irrigacao,manter_irrigacao,False,False,1.9333,1.9333,14.1,193,0.0,0.0,baixo,0,moderado,moderado,moderado,moderado,moderado,moderado
sem_irrigacao_run_2,sem_irrigacao,2,1979/06/22,4,manter_irrigacao,manter_irrigacao,manter_irrigacao,True,True,True,0.3424,0.3639,0.3333,0.3333,False,False,,,confianca_global_baixa | alerta_interno_do_aiec | aps_fora_ou_parcialmente_fora_do_dominio,confianca_global_baixa | alerta_interno_do_aiec | aps_fora_ou_parcialmente_fora_do_dominio,fora_dominio,fora_dominio,0.541346,0.527885,0.339898,0.323178,manter_irrigacao,manter_irrigacao,False,False,1.9333,1.9333,11.4,172,0.0,0.0,baixo,0,moderado,moderado,moderado,moderado,moderado,moderado
sem_irrigacao_run_2,sem_irrigacao,2,1979/06/23,5,manter_irrigacao,manter_irrigacao,manter_irrigacao,True,True,True,0.3222,0.3391,0.3333,0.3333,False,False,,,confianca_global_baixa | alerta_interno_do_aiec | aps_fora_ou_parcialmente_fora_do_dominio,confianca_global_baixa | alerta_interno_do_aiec | aps_fora_ou_parcialmente_fora_do_dominio,fora_dominio,fora_dominio,0.500962,0.4875,0.333358,0.304384,manter_irrigacao,manter_irrigacao,False,False,1.5333,1.9333,10.7,164,0.0,0.0,baixo,0,baixo,moderado,moderado,moderado,moderado,moderado
sem_irrigacao_run_2,sem_irrigacao,2,1979/06/24,6,manter_irrigacao,manter_irrigacao,manter_irrigacao,True,True,True,0.323,0.3392,0.3333,0.3333,False,False,,,confianca_global_baixa | alerta_interno_do_aiec | aps_fora_ou_parcialmente_fora_do_dominio,confianca_global_baixa | alerta_interno_do_aiec | aps_fora_ou_parcialmente_fora_do_dominio,fora_dominio,fora_dominio,0.500962,0.4875,0.340871,0.311513,manter_irrigacao,manter_irrigacao,False,False,1.5333,1.9333,13.3,183,0.0,0.0,baixo,0,baixo,moderado,moderado,moderado,moderado,moderado
sem_irrigacao_run_2,sem_irrigacao,2,1979/06/25,7,manter_irrigacao,manter_irrigacao,manter_irrigacao,True,True,True,0.3217,0.3462,0.6667,0.3333,False,False,,,confianca_global_baixa | alerta_interno_do_aiec | aps_fora_ou_parcialmente_fora_do_dominio,confianca_global_baixa | alerta_interno_do_aiec | aps_fora_ou_parcialmente_fora_do_dominio,fora_dominio,fora_dominio,0.514423,0.527885,0.280673,0.348491,manter_irrigacao,manter_irrigacao,False,False,2.2667,1.5333,12.7,186,0.0,0.0,baixo,0,alto,moderado,moderado,baixo,moderado,moderado
sem_irrigacao_run_2,sem_irrigacao,2,1979/06/26,8,manter_irrigacao,manter_irrigacao,manter_irrigacao,True,True,True,0.3253,0.3291,0.3333,0.3333,False,False,,,confianca_global_baixa | alerta_interno_do_aiec | aps_fora_ou_parcialmente_fora_do_dominio,confianca_global_baixa | alerta_interno_do_aiec | aps_fora_ou_parcialmente_fora_do_dominio,fora_dominio,fora_dominio,0.514423,0.514423,0.346314,0.347986,manter_irrigacao,manter_irrigacao,False,False,1.9333,1.5333,13.6,195,0.0,0.0,baixo,0,moderado,moderado,moderado,baixo,moderado,moderado
sem_irrigacao_run_2,sem_irrigacao,2,1979/06/27,9,manter_irrigacao,manter_irrigacao,manter_irrigacao,True,True,True,0.3328,0.3839,0.3333,0.3333,False,False,,,confianca_global_baixa | alerta_interno_do_aiec | aps_fora_ou_parcialmente_fora_do_dominio,confianca_global_baixa | alerta_interno_do_aiec | aps_fora_ou_parcialmente_fora_do_dominio,fora_dominio,fora_dominio,0.500962,0.514423,0.314785,0.294047,manter_irrigacao,manter_irrigacao,False,False,1.9333,1.9333,12.2,189,0.0,0.0,baixo,0,moderado,moderado,moderado,moderado,moderado,moderado
sem_irrigacao_run_2,sem_irrigacao,2,1979/06/28,10,manter_irrigacao,manter_irrigacao,manter_irrigacao,True,True,True,0.3154,0.3354,0.6667,0.3333,False,False,,,confianca_global_baixa | alerta_interno_do_aiec | aps_fora_ou_parcialmente_fora_do_dominio,confianca_global_baixa | alerta_interno_do_aiec | aps_fora_ou_parcialmente_fora_do_dominio,fora_dominio,fora_dominio,0.4875,0.474038,0.272013,0.296835,manter_irrigacao,manter_irrigacao,False,False,1.8667,1.9333,11.1,172,0.0,0.0,baixo,0,moderado,moderado,moderado,moderado,moderado,moderado
sem_irrigacao_run_2,sem_irrigacao,2,1979/06/29,11,manter_irrigacao,manter_irrigacao,manter_irrigacao,True,True,True,0.3115,0.3354,0.6667,0.3333,False,False,,,confianca_global_baixa | alerta_interno_do_aiec | aps_fora_ou_parcialmente_fora_do_dominio,confianca_global_baixa | alerta_interno_do_aiec | aps_fora_ou_parcialmente_fora_do_dominio,fora_dominio,fora_dominio,0.460577,0.474038,0.252308,0.296835,manter_irrigacao,manter_irrigacao,False,False,1.8667,1.9333,10.5,163,0.0,0.0,baixo,0,moderado,moderado,moderado,moderado,moderado,moderado
sem_irrigacao_run_2,sem_irrigacao,2,1979/06/30,12,manter_irrigacao,manter_irrigacao,manter_irrigacao,True,True,True,0.3033,0.3425,0.6667,0.3333,False,False,,,confianca_global_baixa | alerta_interno_do_aiec | aps_fora_ou_parcialmente_fora_do_dominio,confianca_global_baixa | alerta_interno_do_aiec | aps_fora_ou_parcialmente_fora_do_dominio,fora_dominio,fora_dominio,0.4875,0.4875,0.277456,0.31099,manter_irrigacao,manter_irrigacao,False,False,1.8667,1.9333,10.6,163,0.0,0.0,baixo,0,moderado,moderado,moderado,moderado,moderado,moderado
sem_irrigacao_run_2,sem_irrigacao,2,1979/07/01,13,manter_irrigacao,manter_irrigacao,manter_irrigacao,True,True,True,0.3275,0.3412,0.6667,0.3333,False,False,,,confianca_global_baixa | alerta_interno_do_aiec | aps_fora_ou_parcialmente_fora_do_dominio,confianca_global_baixa | alerta_interno_do_aiec | aps_fora_ou_parcialmente_fora_do_dominio,fora_dominio,fora_dominio,0.4875,0.500962,0.249155,0.308493,manter_irrigacao,manter_irrigacao,False,False,1.8667,1.9333,10.2,159,0.0,0.0,baixo,0,moderado,moderado,moderado,moderado,moderado,moderado
sem_irrigacao_run_2,sem_irrigacao,2,1979/07/02,14,manter_irrigacao,manter_irrigacao,manter_irrigacao,True,True,True,0.3481,0.3439,0.6667,0.3333,False,False,,,confianca_global_baixa | alerta_interno_do_aiec | aps_fora_ou_parcialmente_fora_do_dominio,confianca_global_baixa | alerta_interno_do_aiec | aps_fora_ou_parcialmente_fora_do_dominio,fora_dominio,fora_dominio,0.4875,0.500962,0.246475,0.313535,manter_irrigacao,manter_irrigacao,False,False,1.8667,1.9333,10.1,158,0.0,0.0,baixo,0,moderado,moderado,moderado,moderado,moderado,moderado
sem_irrigacao_run_2,sem_irrigacao,2,1979/07/03,15,manter_irrigacao,manter_irrigacao,manter_irrigacao,True,True,True,0.3347,0.3362,0.3333,0.3333,False,False,,,confianca_global_baixa | alerta_interno_do_aiec | aps_fora_ou_parcialmente_fora_do_dominio,confianca_global_baixa | alerta_interno_do_aiec | aps_fora_ou_parcialmente_fora_do_dominio,fora_dominio,fora_dominio,0.500962,0.500962,0.342192,0.334709,manter_irrigacao,manter_irrigacao,False,False,1.9333,1.5333,11.3,164,0.0,0.0,baixo,0,moderado,moderado,moderado,baixo,moderado,moderado
sem_irrigacao_run_2,sem_irrigacao,2,1979/07/04,16,manter_irrigacao,manter_irrigacao,manter_irrigacao,True,True,True,0.3272,0.3561,0.6667,0.3333,False,False,,,confianca_global_baixa | alerta_interno_do_aiec | aps_fora_ou_parcialmente_fora_do_dominio,confianca_global_baixa | alerta_interno_do_aiec | aps_fora_ou_parcialmente_fora_do_dominio,fora_dominio,fora_dominio,0.500962,0.514423,0.271171,0.316175,manter_irrigacao,manter_irrigacao,False,False,1.8667,1.9333,10.1,158,0.0,0.0,baixo,0,moderado,moderado,moderado,moderado,moderado,moderado
sem_irrigacao_run_2,sem_irrigacao,2,1979/07/05,17,manter_irrigacao,manter_irrigacao,manter_irrigacao,True,True,True,0.3209,0.3476,0.3333,0.3333,False,False,,,confianca_global_baixa | alerta_interno_do_aiec | aps_fora_ou_parcialmente_fora_do_dominio,confianca_global_baixa | alerta_interno_do_aiec | aps_fora_ou_parcialmente_fora_do_dominio,fora_dominio,fora_dominio,0.500962,0.500962,0.351269,0.320145,manter_irrigacao,manter_irrigacao,False,False,1.5333,1.9333,10.6,160,0.0,0.0,baixo,0,baixo,moderado,moderado,moderado,moderado,moderado
sem_irrigacao_run_2,sem_irrigacao,2,1979/07/06,18,manter_irrigacao,manter_irrigacao,manter_irrigacao,True,True,True,0.3334,0.3461,0.6667,0.3333,False,False,,,confianca_global_baixa | alerta_interno_do_aiec | aps_fora_ou_parcialmente_fora_do_dominio,confianca_global_baixa | alerta_interno_do_aiec | aps_fora_ou_parcialmente_fora_do_dominio,fora_dominio,fora_dominio,0.514423,0.514423,0.27147,0.317581,manter_irrigacao,manter_irrigacao,False,False,1.8667,1.9333,10.0,157,0.0,0.0,baixo,0,moderado,moderado,moderado,moderado,moderado,moderado
sem_irrigacao_run_2,sem_irrigacao,2,1979/07/07,19,manter_irrigacao,manter_irrigacao,manter_irrigacao,True,True,True,0.3309,0.3429,0.6667,0.3333,False,False,,,confianca_global_baixa | alerta_interno_do_aiec | aps_fora_ou_parcialmente_fora_do_dominio,confianca_global_baixa | alerta_interno_do_aiec | aps_fora_ou_parcialmente_fora_do_dominio,fora_dominio,fora_dominio,0.500962,0.500962,0.261201,0.311863,manter_irrigacao,manter_irrigacao,False,False,1.8667,1.9333,9.9,156,0.0,0.0,baixo,0,moderado,moderado,moderado,moderado,moderado,moderado
sem_irrigacao_run_2,sem_irrigacao,2,1979/07/08,20,manter_irrigacao,manter_irrigacao,manter_irrigacao,True,True,True,0.3803,0.3434,0.3333,0.3333,False,False,,,confianca_global_baixa | alerta_interno_do_aiec | aps_fora_ou_parcialmente_fora_do_dominio,confianca_global_baixa | alerta_interno_do_aiec | aps_fora_ou_parcialmente_fora_do_dominio,fora_dominio,fora_dominio,0.500962,0.4875,0.287788,0.312621,manter_irrigacao,manter_irrigacao,False,False,1.9333,1.9333,10.5,157,0.0,0.0,baixo,0,moderado,moderado,moderado,moderado,moderado,moderado
sem_irrigacao_run_2,sem_irrigacao,2,1979/07/09,21,manter_irrigacao,manter_irrigacao,manter_irrigacao,True,True,True,0.3376,0.3516,0.6667,0.3333,False,False,,,confianca_global_baixa | alerta_interno_do_aiec | aps_fora_ou_parcialmente_fora_do_dominio,confianca_global_baixa | alerta_interno_do_aiec | aps_fora_ou_parcialmente_fora_do_dominio,fora_dominio,fora_dominio,0.527885,0.541346,0.271252,0.32701,manter_irrigacao,manter_irrigacao,False,False,1.8667,1.9333,9.7,153,0.0,0.0,baixo,0,moderado,moderado,moderado,moderado,moderado,moderado
sem_irrigacao_run_2,sem_irrigacao,2,1979/07/10,22,iniciar_irrigacao,manter_irrigacao,manter_irrigacao,False,False,True,0.3218,0.3307,0.3333,0.3333,False,False,,,confianca_global_baixa | alerta_interno_do_aiec | aps_fora_ou_parcialmente_fora_do_dominio,confianca_global_baixa | alerta_interno_do_aiec | aps_fora_ou_parcialmente_fora_do_dominio,fora_dominio,fora_dominio,0.500962,0.4875,0.349133,0.325362,manter_irrigacao,manter_irrigacao,False,False,1.5333,1.5333,11.3,161,0.0,0.166,baixo,0,baixo,moderado,moderado,baixo,moderado,moderado
sem_irrigacao_run_2,sem_irrigacao,2,1979/07/11,23,manter_irrigacao,manter_irrigacao,manter_irrigacao,True,True,True,0.3633,0.3907,0.3333,0.3333,False,False,,,confianca_global_baixa | alerta_interno_do_aiec | aps_fora_ou_parcialmente_fora_do_dominio,confianca_global_baixa | alerta_interno_do_aiec | aps_fora_ou_parcialmente_fora_do_dominio,fora_dominio,fora_dominio,0.514423,0.541346,0.299795,0.30636,manter_irrigacao,manter_irrigacao,False,False,1.9333,1.9333,10.2,156,0.0,0.0,baixo,0,moderado,moderado,moderado,moderado,moderado,moderado
sem_irrigacao_run_2,sem_irrigacao,2,1979/07/12,24,manter_irrigacao,manter_irrigacao,manter_irrigacao,True,True,True,0.3282,0.3412,0.6667,0.3333,False,False,,,confianca_global_baixa | alerta_interno_do_aiec | aps_fora_ou_parcialmente_fora_do_dominio,confianca_global_baixa | alerta_interno_do_aiec | aps_fora_ou_parcialmente_fora_do_dominio,fora_dominio,fora_dominio,0.500962,0.500962,0.268098,0.308493,manter_irrigacao,manter_irrigacao,False,False,1.8667,1.9333,9.8,154,0.0,0.0,baixo,0,moderado,moderado,moderado,moderado,moderado,moderado
sem_irrigacao_run_2,sem_irrigacao,2,1979/07/13,25,manter_irrigacao,manter_irrigacao,manter_irrigacao,True,True,True,0.3179,0.3429,0.6667,0.3333,False,False,,,confianca_global_baixa | alerta_interno_do_aiec | aps_fora_ou_parcialmente_fora_do_dominio,confianca_global_baixa | alerta_interno_do_aiec | aps_fora_ou_parcialmente_fora_do_dominio,fora_dominio,fora_dominio,0.514423,0.500962,0.275962,0.311863,manter_irrigacao,manter_irrigacao,False,False,1.8667,1.9333,9.6,152,0.0,0.038,baixo,0,moderado,moderado,moderado,moderado,moderado,moderado
sem_irrigacao_run_2,sem_irrigacao,2,1979/07/14,26,iniciar_irrigacao,manter_irrigacao,manter_irrigacao,False,False,True,0.3335,0.351,0.6667,0.3333,False,False,,,confianca_global_baixa | alerta_interno_do_aiec | aps_fora_ou_parcialmente_fora_do_dominio,confianca_global_baixa | alerta_interno_do_aiec | aps_fora_ou_parcialmente_fora_do_dominio,fora_dominio,fora_dominio,0.514423,0.514423,0.282386,0.325944,manter_irrigacao,manter_irrigacao,False,False,1.8667,1.9333,9.9,152,0.0,0.216,baixo,0,moderado,moderado,moderado,moderado,moderado,moderado
sem_irrigacao_run_2,sem_irrigacao,2,1979/07/15,27,iniciar_irrigacao,iniciar_irrigacao,manter_irrigacao,True,False,False,0.3804,0.3823,0.6667,0.3333,True,False,baixa_confianca_para_intervencao | conflito_na_recomendacao_de_intervencao,,confianca_global_baixa | alerta_interno_do_aiec | aps_fora_ou_parcialmente_fora_do_dominio,confianca_global_baixa | alerta_interno_do_aiec | aps_fora_ou_parcialmente_fora_do_dominio,fora_dominio,fora_dominio,0.541346,0.527885,0.243484,0.297073,iniciar_irrigacao,manter_irrigacao,False,False,2.5667,1.9333,9.2,147,0.0,0.37,moderado,0,alto,alto,moderado,moderado,moderado,moderado
sem_irrigacao_run_2,sem_irrigacao,2,1979/07/16,28,manter_irrigacao,manter_irrigacao,manter_irrigacao,True,True,True,0.3148,0.3269,0.3333,0.3333,False,False,,,confianca_global_baixa | alerta_interno_do_aiec | aps_fora_ou_parcialmente_fora_do_dominio,confianca_global_baixa | alerta_interno_do_aiec | aps_fora_ou_parcialmente_fora_do_dominio,fora_dominio,fora_dominio,0.500962,0.500962,0.355221,0.337311,manter_irrigacao,manter_irrigacao,False,False,1.5333,1.5333,11.3,158,0.0,0.0,baixo,0,baixo,moderado,moderado,baixo,moderado,moderado
sem_irrigacao_run_2,sem_irrigacao,2,1979/07/17,29,manter_irrigacao,manter_irrigacao,manter_irrigacao,True,True,True,0.3337,0.3378,0.3333,0.3333,False,False,,,confianca_global_baixa | alerta_interno_do_aiec | aps_fora_ou_parcialmente_fora_do_dominio,confianca_global_baixa | alerta_interno_do_aiec | aps_fora_ou_parcialmente_fora_do_dominio,fora_dominio,fora_dominio,0.527885,0.527885,0.353045,0.360725,manter_irrigacao,manter_irrigacao,False,False,1.9333,1.5333,11.9,167,0.0,0.0,baixo,0,moderado,moderado,moderado,baixo,moderado,moderado
sem_irrigacao_run_2,sem_irrigacao,2,1979/07/18,30,manter_irrigacao,manter_irrigacao,manter_irrigacao,True,True,True,0.3353,0.36,0.3333,0.3333,False,False,,,confianca_global_baixa | alerta_interno_do_aiec | aps_fora_ou_parcialmente_fora_do_dominio,confianca_global_baixa | alerta_interno_do_aiec | aps_fora_ou_parcialmente_fora_do_dominio,fora_dominio,fora_dominio,0.541346,0.541346,0.355313,0.342702,manter_irrigacao,manter_irrigacao,False,False,1.9333,1.9333,11.3,166,0.0,0.0,baixo,0,moderado,moderado,moderado,moderado,moderado,moderado
sem_irrigacao_run_2,sem_irrigacao,2,1979/07/19,31,manter_irrigacao,manter_irrigacao,manter_irrigacao,True,True,True,0.3424,0.3653,0.3333,0.3333,False,False,,,confianca_global_baixa | alerta_interno_do_aiec | aps_fora_ou_parcialmente_fora_do_dominio,confianca_global_baixa | alerta_interno_do_aiec | aps_fora_ou_parcialmente_fora_do_dominio,parcialmente_fora_dominio,fora_dominio,0.554808,0.541346,0.343355,0.325351,manter_irrigacao,manter_irrigacao,False,False,1.9333,1.9333,10.2,158,0.0,0.0,baixo,0,moderado,moderado,moderado,moderado,moderado,moderado
sem_irrigacao_run_2,sem_irrigacao,2,1979/07/20,32,manter_irrigacao,manter_irrigacao,manter_irrigacao,True,True,True,0.337,0.3328,0.3333,0.3333,False,False,,,confianca_global_baixa | alerta_interno_do_aiec | aps_fora_ou_parcialmente_fora_do_dominio,confianca_global_baixa | alerta_interno_do_aiec | aps_fora_ou_parcialmente_fora_do_dominio,parcialmente_fora_dominio,fora_dominio,0.554808,0.514423,0.383686,0.346688,manter_irrigacao,manter_irrigacao,False,False,1.5333,1.5333,12.0,167,0.0,0.0,baixo,0,baixo,moderado,moderado,baixo,moderado,moderado
sem_irrigacao_run_2,sem_irrigacao,2,1979/07/21,33,manter_irrigacao,manter_irrigacao,manter_irrigacao,True,True,True,0.3414,0.3312,0.6667,0.6667,False,False,,,confianca_global_baixa | alerta_interno_do_aiec | aps_fora_ou_parcialmente_fora_do_dominio,confianca_global_baixa | alerta_interno_do_aiec | aps_fora_ou_parcialmente_fora_do_dominio,parcialmente_fora_dominio,fora_dominio,0.554808,0.541346,0.274748,0.281606,manter_irrigacao,manter_irrigacao,False,False,1.8667,1.8667,10.7,161,0.0,0.0,baixo,0,moderado,moderado,moderado,moderado,moderado,moderado
sem_irrigacao_run_2,sem_irrigacao,2,1979/07/22,34,manter_irrigacao,manter_irrigacao,manter_irrigacao,True,True,True,0.3459,0.3589,0.6667,0.3333,False,False,,,confianca_global_baixa | alerta_interno_do_aiec | aps_fora_ou_parcialmente_fora_do_dominio,confianca_global_baixa | alerta_interno_do_aiec | aps_fora_ou_parcialmente_fora_do_dominio,parcialmente_fora_dominio,fora_dominio,0.554808,0.541346,0.285652,0.341029,manter_irrigacao,manter_irrigacao,False,False,1.8667,1.9333,10.4,158,0.0,0.0,baixo,0,moderado,moderado,moderado,moderado,moderado,moderado
sem_irrigacao_run_2,sem_irrigacao,2,1979/07/23,35,manter_irrigacao,manter_irrigacao,manter_irrigacao,True,True,True,0.3489,0.3889,0.6667,0.3333,False,False,,,confianca_global_baixa | alerta_interno_do_aiec | aps_fora_ou_parcialmente_fora_do_dominio,confianca_global_baixa | alerta_interno_do_aiec | aps_fora_ou_parcialmente_fora_do_dominio,parcialmente_fora_dominio,fora_dominio,0.554808,0.541346,0.27957,0.303125,manter_irrigacao,manter_irrigacao,False,False,1.8667,1.9333,9.7,153,0.0,0.0,baixo,0,moderado,moderado,moderado,moderado,moderado,moderado
sem_irrigacao_run_2,sem_irrigacao,2,1979/07/24,36,manter_irrigacao,manter_irrigacao,manter_irrigacao,True,True,True,0.3299,0.3332,0.6667,0.3333,False,False,,,confianca_global_baixa | alerta_interno_do_aiec | aps_fora_ou_parcialmente_fora_do_dominio,confianca_global_baixa | alerta_interno_do_aiec | aps_fora_ou_parcialmente_fora_do_dominio,fora_dominio,fora_dominio,0.527885,0.500962,0.289991,0.329686,manter_irrigacao,manter_irrigacao,False,False,1.8667,1.5333,10.9,157,0.0,0.0,baixo,0,moderado,moderado,moderado,baixo,moderado,moderado
sem_irrigacao_run_2,sem_irrigacao,2,1979/07/25,37,manter_irrigacao,manter_irrigacao,manter_irrigacao,True,True,True,0.3401,0.3653,0.6667,0.3333,False,False,,,confianca_global_baixa | alerta_interno_do_aiec | aps_fora_ou_parcialmente_fora_do_dominio,confianca_global_baixa | alerta_interno_do_aiec | aps_fora_ou_parcialmente_fora_do_dominio,parcialmente_fora_dominio,fora_dominio,0.554808,0.541346,0.287302,0.325351,manter_irrigacao,manter_irrigacao,False,False,1.8667,1.9333,10.0,152,0.0,0.0,baixo,0,moderado,moderado,moderado,moderado,moderado,moderado
sem_irrigacao_run_2,sem_irrigacao,2,1979/07/26,38,manter_irrigacao,manter_irrigacao,manter_irrigacao,True,True,True,0.3541,0.3879,0.6667,0.3333,False,False,,,confianca_global_baixa | alerta_interno_do_aiec | aps_fora_ou_parcialmente_fora_do_dominio,confianca_global_baixa | alerta_interno_do_aiec | aps_fora_ou_parcialmente_fora_do_dominio,parcialmente_fora_dominio,fora_dominio,0.554808,0.541346,0.271161,0.301496,manter_irrigacao,manter_irrigacao,False,False,1.8667,1.9333,9.3,146,0.0,0.0,baixo,0,moderado,moderado,moderado,moderado,moderado,moderado
sem_irrigacao_run_2,sem_irrigacao,2,1979/07/27,39,manter_irrigacao,manter_irrigacao,manter_irrigacao,True,True,True,0.3381,0.3587,0.6667,0.3333,False,False,,,confianca_global_baixa | alerta_interno_do_aiec | aps_fora_ou_parcialmente_fora_do_dominio,confianca_global_baixa | alerta_interno_do_aiec | aps_fora_ou_parcialmente_fora_do_dominio,parcialmente_fora_dominio,fora_dominio,0.554808,0.541346,0.281578,0.320516,manter_irrigacao,manter_irrigacao,False,False,1.8667,1.9333,8.9,142,0.0,0.0,baixo,0,moderado,moderado,moderado,moderado,moderado,moderado
sem_irrigacao_run_2,sem_irrigacao,2,1979/07/28,40,iniciar_irrigacao,manter_irrigacao,manter_irrigacao,False,False,True,0.3637,0.3843,0.6667,0.3333,True,False,decisao_dependente_de_aps_fora_do_dominio,,confianca_global_baixa | alerta_interno_do_aiec | aps_fora_ou_parcialmente_fora_do_dominio | aps_alterou_a_decisao_no_teste_contrafactual,confianca_global_baixa | alerta_interno_do_aiec | aps_fora_ou_parcialmente_fora_do_dominio,parcialmente_fora_dominio,fora_dominio,0.554808,0.541346,0.267095,0.300719,iniciar_irrigacao,manter_irrigacao,True,False,2.2667,1.9333,8.6,137,0.0,0.256,moderado,0,alto,moderado,moderado,moderado,moderado,moderado
sem_irrigacao_run_2,sem_irrigacao,2,1979/07/29,41,iniciar_irrigacao,manter_irrigacao,manter_irrigacao,False,False,True,0.3736,0.3731,0.6667,0.3333,False,False,,,confianca_global_baixa | alerta_interno_do_aiec | aps_fora_ou_parcialmente_fora_do_dominio,confianca_global_baixa | alerta_interno_do_aiec | aps_fora_ou_parcialmente_fora_do_dominio,fora_dominio,fora_dominio,0.541346,0.514423,0.263214,0.305728,manter_irrigacao,manter_irrigacao,False,False,1.8667,1.9333,9.8,140,0.0,0.584,alto,0,moderado,moderado,moderado,moderado,moderado,moderado
sem_irrigacao_run_2,sem_irrigacao,2,1979/07/30,42,manter_irrigacao,manter_irrigacao,manter_irrigacao,True,True,True,0.3437,0.3453,0.3333,0.3333,False,False,,,confianca_global_baixa | alerta_interno_do_aiec | aps_fora_ou_parcialmente_fora_do_dominio,confianca_global_baixa | alerta_interno_do_aiec | aps_fora_ou_parcialmente_fora_do_dominio,parcialmente_fora_dominio,fora_dominio,0.554808,0.541346,0.361573,0.353406,manter_irrigacao,manter_irrigacao,False,False,1.5333,1.5333,10.5,147,0.0,0.0,baixo,0,baixo,moderado,moderado,baixo,moderado,moderado
sem_irrigacao_run_2,sem_irrigacao,2,1979/07/31,43,manter_irrigacao,manter_irrigacao,manter_irrigacao,True,True,True,0.3486,0.35,0.3333,0.3333,False,False,,,confianca_global_baixa | alerta_interno_do_aiec | aps_fora_ou_parcialmente_fora_do_dominio,confianca_global_baixa | alerta_interno_do_aiec | aps_fora_ou_parcialmente_fora_do_dominio,parcialmente_fora_dominio,fora_dominio,0.568269,0.541346,0.352366,0.346401,manter_irrigacao,manter_irrigacao,False,False,1.9333,1.5333,11.7,162,0.0,0.0,baixo,0,moderado,moderado,moderado,baixo,moderado,moderado
sem_irrigacao_run_2,sem_irrigacao,2,1979/08/01,44,manter_irrigacao,manter_irrigacao,manter_irrigacao,True,True,True,0.3461,0.3378,0.3333,0.3333,False,False,,,confianca_global_baixa | alerta_interno_do_aiec | aps_fora_ou_parcialmente_fora_do_dominio,confianca_global_baixa | alerta_interno_do_aiec | aps_fora_ou_parcialmente_fora_do_dominio,parcialmente_fora_dominio,fora_dominio,0.568269,0.527885,0.370059,0.360725,manter_irrigacao,manter_irrigacao,False,False,1.9333,1.5333,12.4,169,0.0,0.0,baixo,0,moderado,moderado,moderado,baixo,moderado,moderado
sem_irrigacao_run_2,sem_irrigacao,2,1979/08/02,45,manter_irrigacao,manter_irrigacao,manter_irrigacao,True,True,True,0.3524,0.3642,0.3333,0.3333,False,False,,,confianca_global_baixa | alerta_interno_do_aiec | aps_fora_ou_parcialmente_fora_do_dominio,confianca_global_baixa | alerta_interno_do_aiec | aps_fora_ou_parcialmente_fora_do_dominio,parcialmente_fora_dominio,fora_dominio,0.568269,0.541346,0.357671,0.323658,manter_irrigacao,manter_irrigacao,False,False,1.9333,1.9333,11.1,163,0.0,0.0,baixo,0,moderado,moderado,moderado,moderado,moderado,moderado
sem_irrigacao_run_2,sem_irrigacao,2,1979/08/03,46,manter_irrigacao,manter_irrigacao,manter_irrigacao,True,True,True,0.3888,0.3639,0.3333,0.3333,False,False,,,confianca_global_baixa | alerta_interno_do_aiec | aps_fora_ou_parcialmente_fora_do_dominio,confianca_global_baixa | alerta_interno_do_aiec | aps_fora_ou_parcialmente_fora_do_dominio,parcialmente_fora_dominio,fora_dominio,0.568269,0.527885,0.334024,0.323178,manter_irrigacao,manter_irrigacao,False,False,1.9333,1.9333,10.4,157,0.0,0.0,baixo,0,moderado,moderado,moderado,moderado,moderado,moderado
sem_irrigacao_run_2,sem_irrigacao,2,1979/08/04,47,manter_irrigacao,manter_irrigacao,manter_irrigacao,True,True,True,0.3496,0.3898,0.6667,0.3333,True,False,decisao_dependente_de_aps_fora_do_dominio,,confianca_global_baixa | alerta_interno_do_aiec | aps_fora_ou_parcialmente_fora_do_dominio | aps_alterou_a_decisao_no_teste_contrafactual,confianca_global_baixa | alerta_interno_do_aiec | aps_fora_ou_parcialmente_fora_do_dominio,parcialmente_fora_dominio,fora_dominio,0.554808,0.541346,0.280823,0.304746,iniciar_irrigacao,manter_irrigacao,True,False,2.2667,1.9333,9.7,151,0.0,0.0,baixo,0,alto,moderado,moderado,moderado,moderado,moderado
sem_irrigacao_run_2,sem_irrigacao,2,1979/08/05,48,manter_irrigacao,manter_irrigacao,manter_irrigacao,True,True,True,0.3435,0.3522,0.6667,0.3333,False,False,,,confianca_global_baixa | alerta_interno_do_aiec | aps_fora_ou_parcialmente_fora_do_dominio,confianca_global_baixa | alerta_interno_do_aiec | aps_fora_ou_parcialmente_fora_do_dominio,parcialmente_fora_dominio,fora_dominio,0.554808,0.541346,0.283385,0.330811,manter_irrigacao,manter_irrigacao,False,False,1.8667,1.9333,9.4,147,0.0,0.0,baixo,0,moderado,moderado,moderado,moderado,moderado,moderado
sem_irrigacao_run_2,sem_irrigacao,2,1979/08/06,49,manter_irrigacao,manter_irrigacao,manter_irrigacao,True,True,True,0.3432,0.3437,0.6667,0.3333,False,False,,,confianca_global_baixa | alerta_interno_do_aiec | aps_fora_ou_parcialmente_fora_do_dominio,confianca_global_baixa | alerta_interno_do_aiec | aps_fora_ou_parcialmente_fora_do_dominio,parcialmente_fora_dominio,fora_dominio,0.554808,0.527885,0.29318,0.351066,manter_irrigacao,manter_irrigacao,False,False,1.8667,1.5333,10.8,152,0.0,0.0,baixo,0,moderado,moderado,moderado,baixo,moderado,moderado
sem_irrigacao_run_2,sem_irrigacao,2,1979/08/07,50,manter_irrigacao,manter_irrigacao,manter_irrigacao,True,True,True,0.3481,0.3639,0.6667,0.3333,False,False,,,confianca_global_baixa | alerta_interno_do_aiec | aps_fora_ou_parcialmente_fora_do_dominio,confianca_global_baixa | alerta_interno_do_aiec | aps_fora_ou_parcialmente_fora_do_dominio,parcialmente_fora_dominio,fora_dominio,0.554808,0.527885,0.277217,0.323178,manter_irrigacao,manter_irrigacao,False,False,1.8667,1.9333,10.0,147,0.0,0.0,baixo,0,moderado,moderado,moderado,moderado,moderado,moderado
sem_irrigacao_run_2,sem_irrigacao,2,1979/08/08,51,manter_irrigacao,manter_irrigacao,manter_irrigacao,True,True,True,0.3509,0.3462,0.3333,0.3333,False,False,,,confianca_global_baixa | alerta_interno_do_aiec | aps_fora_ou_parcialmente_fora_do_dominio,confianca_global_baixa | alerta_interno_do_aiec | aps_fora_ou_parcialmente_fora_do_dominio,parcialmente_fora_dominio,fora_dominio,0.554808,0.527885,0.355647,0.340722,manter_irrigacao,manter_irrigacao,False,False,1.9333,1.5333,12.0,164,0.0,0.0,baixo,0,moderado,moderado,moderado,baixo,moderado,moderado
sem_irrigacao_run_2,sem_irrigacao,2,1979/08/09,52,manter_irrigacao,manter_irrigacao,manter_irrigacao,True,True,True,0.3522,0.3674,0.3333,0.3333,False,False,,,confianca_global_baixa | alerta_interno_do_aiec | aps_fora_ou_parcialmente_fora_do_dominio,confianca_global_baixa | alerta_interno_do_aiec | aps_fora_ou_parcialmente_fora_do_dominio,parcialmente_fora_dominio,fora_dominio,0.554808,0.541346,0.357365,0.328711,manter_irrigacao,manter_irrigacao,False,False,1.9333,1.9333,10.9,159,0.0,0.0,baixo,0,moderado,moderado,moderado,moderado,moderado,moderado
sem_irrigacao_run_2,sem_irrigacao,2,1979/08/10,53,manter_irrigacao,manter_irrigacao,manter_irrigacao,True,True,True,0.3428,0.3381,0.3333,0.3333,False,False,,,confianca_global_baixa | alerta_interno_do_aiec | aps_fora_ou_parcialmente_fora_do_dominio,confianca_global_baixa | alerta_interno_do_aiec | aps_fora_ou_parcialmente_fora_do_dominio,fora_dominio,fora_dominio,0.541346,0.527885,0.365715,0.35094,manter_irrigacao,manter_irrigacao,False,False,1.9333,1.5333,14.4,200,0.0,0.0,baixo,0,moderado,moderado,moderado,baixo,moderado,moderado
sem_irrigacao_run_2,sem_irrigacao,2,1979/08/11,54,manter_irrigacao,manter_irrigacao,manter_irrigacao,True,True,True,0.3443,0.3587,0.3333,0.3333,False,False,,,confianca_global_baixa | alerta_interno_do_aiec | aps_fora_ou_parcialmente_fora_do_dominio,confianca_global_baixa | alerta_interno_do_aiec | aps_fora_ou_parcialmente_fora_do_dominio,fora_dominio,fora_dominio,0.541346,0.514423,0.356726,0.314255,manter_irrigacao,manter_irrigacao,False,False,1.5333,1.9333,12.1,175,0.0,0.0,baixo,0,baixo,moderado,moderado,moderado,moderado,moderado
sem_irrigacao_run_2,sem_irrigacao,2,1979/08/12,55,manter_irrigacao,manter_irrigacao,manter_irrigacao,True,True,True,0.3283,0.3248,0.3333,0.3333,False,False,,,confianca_global_baixa | alerta_interno_do_aiec | aps_fora_ou_parcialmente_fora_do_dominio,confianca_global_baixa | alerta_interno_do_aiec | aps_fora_ou_parcialmente_fora_do_dominio,fora_dominio,fora_dominio,0.527885,0.4875,0.356526,0.329677,manter_irrigacao,manter_irrigacao,False,False,1.5333,1.5333,14.3,198,0.0,0.0,baixo,0,baixo,moderado,moderado,baixo,moderado,moderado
sem_irrigacao_run_2,sem_irrigacao,2,1979/08/13,56,manter_irrigacao,manter_irrigacao,manter_irrigacao,True,True,True,0.3419,0.3437,0.3333,0.3333,False,False,,,confianca_global_baixa | alerta_interno_do_aiec | aps_fora_ou_parcialmente_fora_do_dominio,confianca_global_baixa | alerta_interno_do_aiec | aps_fora_ou_parcialmente_fora_do_dominio,parcialmente_fora_dominio,fora_dominio,0.554808,0.527885,0.375041,0.351066,manter_irrigacao,manter_irrigacao,False,False,1.5333,1.5333,14.3,202,0.0,0.0,baixo,0,baixo,moderado,moderado,baixo,moderado,moderado
sem_irrigacao_run_2,sem_irrigacao,2,1979/08/14,57,manter_irrigacao,manter_irrigacao,manter_irrigacao,True,True,True,0.3502,0.3653,0.6667,0.3333,True,False,decisao_dependente_de_aps_fora_do_dominio,,confianca_global_baixa | alerta_interno_do_aiec | aps_fora_ou_parcialmente_fora_do_dominio | aps_alterou_a_decisao_no_teste_contrafactual,confianca_global_baixa | alerta_interno_do_aiec | aps_fora_ou_parcialmente_fora_do_dominio,parcialmente_fora_dominio,fora_dominio,0.554808,0.541346,0.282362,0.325351,iniciar_irrigacao,manter_irrigacao,True,False,2.2667,1.9333,12.0,175,0.0,0.0,baixo,0,alto,moderado,moderado,moderado,moderado,moderado
sem_irrigacao_run_2,sem_irrigacao,2,1979/08/15,58,manter_irrigacao,manter_irrigacao,manter_irrigacao,True,True,True,0.3496,0.3916,0.6667,0.3333,True,False,decisao_dependente_de_aps_fora_do_dominio,,confianca_global_baixa | alerta_interno_do_aiec | aps_fora_ou_parcialmente_fora_do_dominio | aps_alterou_a_decisao_no_teste_contrafactual,confianca_global_baixa | alerta_interno_do_aiec | aps_fora_ou_parcialmente_fora_do_dominio,parcialmente_fora_dominio,fora_dominio,0.554808,0.541346,0.280823,0.307966,iniciar_irrigacao,manter_irrigacao,True,False,2.2667,1.9333,10.8,161,0.0,0.0,baixo,0,alto,moderado,moderado,moderado,moderado,moderado
sem_irrigacao_run_2,sem_irrigacao,2,1979/08/16,59,manter_irrigacao,manter_irrigacao,manter_irrigacao,True,True,True,0.3496,0.3639,0.6667,0.3333,True,False,decisao_dependente_de_aps_fora_do_dominio,,confianca_global_baixa | alerta_interno_do_aiec | aps_fora_ou_parcialmente_fora_do_dominio | aps_alterou_a_decisao_no_teste_contrafactual,confianca_global_baixa | alerta_interno_do_aiec | aps_fora_ou_parcialmente_fora_do_dominio,parcialmente_fora_dominio,fora_dominio,0.554808,0.527885,0.280823,0.323178,iniciar_irrigacao,manter_irrigacao,True,False,2.2667,1.9333,10.2,155,0.0,0.0,baixo,0,alto,moderado,moderado,moderado,moderado,moderado
sem_irrigacao_run_2,sem_irrigacao,2,1979/08/17,60,manter_irrigacao,manter_irrigacao,manter_irrigacao,True,True,True,0.351,0.3898,0.6667,0.3333,False,False,,,confianca_global_baixa | alerta_interno_do_aiec | aps_fora_ou_parcialmente_fora_do_dominio,confianca_global_baixa | alerta_interno_do_aiec | aps_fora_ou_parcialmente_fora_do_dominio,fora_dominio,fora_dominio,0.541346,0.541346,0.267169,0.304746,manter_irrigacao,manter_irrigacao,False,False,1.8667,1.9333,9.7,150,0.0,0.0,baixo,0,moderado,moderado,moderado,moderado,moderado,moderado
sem_irrigacao_run_2,sem_irrigacao,2,1979/08/18,61,manter_irrigacao,manter_irrigacao,manter_irrigacao,True,True,True,0.3556,0.3597,0.6667,0.3333,False,False,,,confianca_global_baixa | alerta_interno_do_aiec | aps_fora_ou_parcialmente_fora_do_dominio,confianca_global_baixa | alerta_interno_do_aiec | aps_fora_ou_parcialmente_fora_do_dominio,fora_dominio,fora_dominio,0.527885,0.514423,0.259359,0.315909,manter_irrigacao,manter_irrigacao,False,False,2.1667,1.9333,9.3,145,0.0,0.0,baixo,0,moderado,alto,moderado,moderado,moderado,moderado
sem_irrigacao_run_2,sem_irrigacao,2,1979/08/19,62,manter_irrigacao,manter_irrigacao,manter_irrigacao,True,True,True,0.3609,0.3898,0.6667,0.3333,False,False,,,confianca_global_baixa | alerta_interno_do_aiec | aps_fora_ou_parcialmente_fora_do_dominio,confianca_global_baixa | alerta_interno_do_aiec | aps_fora_ou_parcialmente_fora_do_dominio,fora_dominio,fora_dominio,0.541346,0.541346,0.259949,0.304746,manter_irrigacao,manter_irrigacao,False,False,2.1667,1.9333,8.9,139,0.0,0.0,baixo,0,moderado,alto,moderado,moderado,moderado,moderado
sem_irrigacao_run_2,sem_irrigacao,2,1979/08/20,63,manter_irrigacao,manter_irrigacao,manter_irrigacao,True,True,True,0.3751,0.3653,0.6667,0.3333,False,False,,,confianca_global_baixa | alerta_interno_do_aiec | aps_fora_ou_parcialmente_fora_do_dominio,confianca_global_baixa | alerta_interno_do_aiec | aps_fora_ou_parcialmente_fora_do_dominio,parcialmente_fora_dominio,fora_dominio,0.554808,0.541346,0.260567,0.325351,manter_irrigacao,manter_irrigacao,False,False,2.1667,1.9333,8.6,134,0.0,0.0,baixo,0,moderado,alto,moderado,moderado,moderado,moderado
sem_irrigacao_run_2,sem_irrigacao,2,1979/08/21,64,manter_irrigacao,manter_irrigacao,manter_irrigacao,True,True,True,0.3594,0.3698,0.6667,0.3333,False,False,,,confianca_global_baixa | alerta_interno_do_aiec | aps_fora_ou_parcialmente_fora_do_dominio,confianca_global_baixa | alerta_interno_do_aiec | aps_fora_ou_parcialmente_fora_do_dominio,parcialmente_fora_dominio,parcialmente_fora_dominio,0.568269,0.554808,0.272905,0.332464,manter_irrigacao,manter_irrigacao,False,False,2.1667,1.9333,8.3,129,0.0,0.0,baixo,0,moderado,alto,moderado,moderado,moderado,moderado
sem_irrigacao_run_2,sem_irrigacao,2,1979/08/22,65,manter_irrigacao,manter_irrigacao,manter_irrigacao,True,True,True,0.3585,0.3557,0.6667,0.3333,False,False,,,confianca_global_baixa | alerta_interno_do_aiec | aps_fora_ou_parcialmente_fora_do_dominio,confianca_global_baixa | alerta_interno_do_aiec | aps_fora_ou_parcialmente_fora_do_dominio,parcialmente_fora_dominio,parcialmente_fora_dominio,0.568269,0.554808,0.269573,0.33627,manter_irrigacao,manter_irrigacao,False,False,2.1667,1.9333,8.0,125,0.0,0.0,baixo,0,moderado,alto,moderado,moderado,moderado,moderado
sem_irrigacao_run_2,sem_irrigacao,2,1979/08/23,66,manter_irrigacao,manter_irrigacao,manter_irrigacao,True,True,True,0.3405,0.3381,0.3333,0.3333,False,False,,,confianca_global_baixa | alerta_interno_do_aiec | aps_fora_ou_parcialmente_fora_do_dominio,confianca_global_baixa | alerta_interno_do_aiec | aps_fora_ou_parcialmente_fora_do_dominio,parcialmente_fora_dominio,fora_dominio,0.554808,0.527885,0.3733,0.35094,manter_irrigacao,manter_irrigacao,False,False,1.5333,1.5333,11.3,148,0.0,0.093,baixo,0,baixo,moderado,moderado,baixo,moderado,moderado
sem_irrigacao_run_2,sem_irrigacao,2,1979/08/24,67,manter_irrigacao,manter_irrigacao,manter_irrigacao,True,True,True,0.356,0.367,0.3333,0.3333,False,False,,,confianca_global_baixa | alerta_interno_do_aiec | aps_fora_ou_parcialmente_fora_do_dominio,confianca_global_baixa | alerta_interno_do_aiec | aps_fora_ou_parcialmente_fora_do_dominio,parcialmente_fora_dominio,fora_dominio,0.554808,0.527885,0.362466,0.328113,manter_irrigacao,manter_irrigacao,False,False,1.9333,1.9333,10.7,145,0.0,0.0,baixo,0,moderado,moderado,moderado,moderado,moderado,moderado
sem_irrigacao_run_2,sem_irrigacao,2,1979/08/25,68,manter_irrigacao,manter_irrigacao,manter_irrigacao,True,True,True,0.3648,0.3611,0.3333,0.3333,False,False,,,confianca_global_baixa | alerta_interno_do_aiec | aps_fora_ou_parcialmente_fora_do_dominio,confianca_global_baixa | alerta_interno_do_aiec | aps_fora_ou_parcialmente_fora_do_dominio,parcialmente_fora_dominio,fora_dominio,0.568269,0.527885,0.366915,0.33796,manter_irrigacao,manter_irrigacao,False,False,1.5333,1.9333,11.3,151,0.0,0.0,baixo,0,baixo,moderado,moderado,moderado,moderado,moderado
sem_irrigacao_run_2,sem_irrigacao,2,1979/08/26,69,manter_irrigacao,manter_irrigacao,manter_irrigacao,True,True,True,0.3484,0.3642,0.3333,0.3333,False,False,,,confianca_global_baixa | alerta_interno_do_aiec | aps_fora_ou_parcialmente_fora_do_dominio,confianca_global_baixa | alerta_interno_do_aiec | aps_fora_ou_parcialmente_fora_do_dominio,parcialmente_fora_dominio,fora_dominio,0.554808,0.541346,0.352182,0.323658,manter_irrigacao,manter_irrigacao,False,False,1.9333,1.9333,10.4,146,0.0,0.0,baixo,0,moderado,moderado,moderado,moderado,moderado,moderado
sem_irrigacao_run_2,sem_irrigacao,2,1979/08/27,70,manter_irrigacao,manter_irrigacao,manter_irrigacao,True,True,True,0.3895,0.3453,0.3333,0.3333,False,False,,,confianca_global_baixa | alerta_interno_do_aiec | aps_fora_ou_parcialmente_fora_do_dominio,confianca_global_baixa | alerta_interno_do_aiec | aps_fora_ou_parcialmente_fora_do_dominio,parcialmente_fora_dominio,fora_dominio,0.554808,0.541346,0.328626,0.353406,manter_irrigacao,manter_irrigacao,False,False,1.9333,1.5333,10.9,148,0.0,0.0,baixo,0,moderado,moderado,moderado,baixo,moderado,moderado
sem_irrigacao_run_2,sem_irrigacao,2,1979/08/28,71,manter_irrigacao,manter_irrigacao,manter_irrigacao,True,True,True,0.3765,0.3695,0.3333,0.3333,False,False,,,confianca_global_baixa | alerta_interno_do_aiec | aps_fora_ou_parcialmente_fora_do_dominio,confianca_global_baixa | alerta_interno_do_aiec | aps_fora_ou_parcialmente_fora_do_dominio,parcialmente_fora_dominio,fora_dominio,0.554808,0.541346,0.336451,0.332038,manter_irrigacao,manter_irrigacao,False,False,1.9333,1.9333,10.6,145,0.0,0.0,baixo,0,moderado,moderado,moderado,moderado,moderado,moderado
sem_irrigacao_run_2,sem_irrigacao,2,1979/08/29,72,manter_irrigacao,manter_irrigacao,manter_irrigacao,True,True,True,0.3412,0.3936,0.6667,0.3333,False,False,,,confianca_global_baixa | alerta_interno_do_aiec | aps_fora_ou_parcialmente_fora_do_dominio,confianca_global_baixa | alerta_interno_do_aiec | aps_fora_ou_parcialmente_fora_do_dominio,parcialmente_fora_dominio,fora_dominio,0.554808,0.541346,0.294659,0.311156,manter_irrigacao,manter_irrigacao,False,False,1.8667,1.9333,10.0,140,0.0,0.0,baixo,0,moderado,moderado,moderado,moderado,moderado,moderado
sem_irrigacao_run_2,sem_irrigacao,2,1979/08/30,73,manter_irrigacao,manter_irrigacao,manter_irrigacao,True,True,True,0.3375,0.3653,0.6667,0.3333,False,False,,,confianca_global_baixa | alerta_interno_do_aiec | aps_fora_ou_parcialmente_fora_do_dominio,confianca_global_baixa | alerta_interno_do_aiec | aps_fora_ou_parcialmente_fora_do_dominio,parcialmente_fora_dominio,fora_dominio,0.554808,0.541346,0.281043,0.325351,manter_irrigacao,manter_irrigacao,False,False,1.8667,1.9333,9.4,135,0.0,0.0,baixo,0,moderado,moderado,moderado,moderado,moderado,moderado
sem_irrigacao_run_2,sem_irrigacao,2,1979/08/31,74,manter_irrigacao,manter_irrigacao,manter_irrigacao,True,True,True,0.3403,0.3383,0.6667,0.3333,False,False,,,confianca_global_baixa | alerta_interno_do_aiec | aps_fora_ou_parcialmente_fora_do_dominio,confianca_global_baixa | alerta_interno_do_aiec | aps_fora_ou_parcialmente_fora_do_dominio,parcialmente_fora_dominio,fora_dominio,0.554808,0.541346,0.293231,0.361388,manter_irrigacao,manter_irrigacao,False,False,1.8667,1.5333,10.8,143,0.0,0.0,baixo,0,moderado,moderado,moderado,baixo,moderado,moderado
sem_irrigacao_run_2,sem_irrigacao,2,1979/09/01,75,manter_irrigacao,manter_irrigacao,manter_irrigacao,True,True,True,0.346,0.367,0.6667,0.3333,False,False,,,confianca_global_baixa | alerta_interno_do_aiec | aps_fora_ou_parcialmente_fora_do_dominio,confianca_global_baixa | alerta_interno_do_aiec | aps_fora_ou_parcialmente_fora_do_dominio,parcialmente_fora_dominio,fora_dominio,0.554808,0.527885,0.289645,0.328113,manter_irrigacao,manter_irrigacao,False,False,1.8667,1.9333,10.5,142,0.0,0.0,baixo,0,moderado,moderado,moderado,moderado,moderado,moderado
sem_irrigacao_run_2,sem_irrigacao,2,1979/09/02,76,manter_irrigacao,manter_irrigacao,manter_irrigacao,True,True,True,0.3428,0.3653,0.6667,0.3333,False,False,,,confianca_global_baixa | alerta_interno_do_aiec | aps_fora_ou_parcialmente_fora_do_dominio,confianca_global_baixa | alerta_interno_do_aiec | aps_fora_ou_parcialmente_fora_do_dominio,parcialmente_fora_dominio,fora_dominio,0.554808,0.541346,0.285889,0.325351,manter_irrigacao,manter_irrigacao,False,False,1.8667,1.9333,9.7,136,0.0,0.0,baixo,0,moderado,moderado,moderado,moderado,moderado,moderado
sem_irrigacao_run_2,sem_irrigacao,2,1979/09/03,77,manter_irrigacao,manter_irrigacao,manter_irrigacao,True,True,True,0.3817,0.354,0.3333,0.3333,False,False,,,confianca_global_baixa | alerta_interno_do_aiec | aps_fora_ou_parcialmente_fora_do_dominio,confianca_global_baixa | alerta_interno_do_aiec | aps_fora_ou_parcialmente_fora_do_dominio,fora_dominio,fora_dominio,0.541346,0.527885,0.312469,0.333725,manter_irrigacao,manter_irrigacao,False,False,1.9333,1.9333,9.4,133,0.0,0.0,baixo,0,moderado,moderado,moderado,moderado,moderado,moderado
sem_irrigacao_run_2,sem_irrigacao,2,1979/09/04,78,manter_irrigacao,manter_irrigacao,manter_irrigacao,True,True,True,0.3332,0.3311,0.6667,0.3333,False,False,,,confianca_global_baixa | alerta_interno_do_aiec | aps_fora_ou_parcialmente_fora_do_dominio,confianca_global_baixa | alerta_interno_do_aiec | aps_fora_ou_parcialmente_fora_do_dominio,fora_dominio,fora_dominio,0.514423,0.4875,0.276317,0.331506,manter_irrigacao,manter_irrigacao,False,False,1.8667,1.5333,10.7,141,0.0,0.0,baixo,0,moderado,moderado,moderado,baixo,moderado,moderado
sem_irrigacao_run_2,sem_irrigacao,2,1979/09/05,79,manter_irrigacao,manter_irrigacao,manter_irrigacao,True,True,True,0.3377,0.3397,0.3333,0.3333,False,False,,,confianca_global_baixa | alerta_interno_do_aiec | aps_fora_ou_parcialmente_fora_do_dominio,confianca_global_baixa | alerta_interno_do_aiec | aps_fora_ou_parcialmente_fora_do_dominio,fora_dominio,fora_dominio,0.541346,0.541346,0.358818,0.353228,manter_irrigacao,manter_irrigacao,False,False,1.9333,1.5333,13.7,183,0.0,0.0,baixo,0,moderado,moderado,moderado,baixo,moderado,moderado
sem_irrigacao_run_2,sem_irrigacao,2,1979/09/06,80,manter_irrigacao,manter_irrigacao,manter_irrigacao,True,True,True,0.346,0.3366,0.3333,0.3333,False,False,,,confianca_global_baixa | alerta_interno_do_aiec | aps_fora_ou_parcialmente_fora_do_dominio,confianca_global_baixa | alerta_interno_do_aiec | aps_fora_ou_parcialmente_fora_do_dominio,parcialmente_fora_dominio,fora_dominio,0.554808,0.527885,0.380206,0.359025,manter_irrigacao,manter_irrigacao,False,False,1.5333,1.5333,13.9,189,0.0,0.0,baixo,0,baixo,moderado,moderado,baixo,moderado,moderado
sem_irrigacao_run_2,sem_irrigacao,2,1979/09/07,81,manter_irrigacao,manter_irrigacao,manter_irrigacao,True,True,True,0.3472,0.3653,0.3333,0.3333,False,False,,,confianca_global_baixa | alerta_interno_do_aiec | aps_fora_ou_parcialmente_fora_do_dominio,confianca_global_baixa | alerta_interno_do_aiec | aps_fora_ou_parcialmente_fora_do_dominio,parcialmente_fora_dominio,fora_dominio,0.554808,0.541346,0.350436,0.325351,manter_irrigacao,manter_irrigacao,False,False,1.9333,1.9333,11.9,172,0.0,0.0,baixo,0,moderado,moderado,moderado,moderado,moderado,moderado
sem_irrigacao_run_2,sem_irrigacao,2,1979/09/08,82,manter_irrigacao,manter_irrigacao,manter_irrigacao,True,True,True,0.3418,0.3544,0.3333,0.3333,False,False,,,confianca_global_baixa | alerta_interno_do_aiec | aps_fora_ou_parcialmente_fora_do_dominio,confianca_global_baixa | alerta_interno_do_aiec | aps_fora_ou_parcialmente_fora_do_dominio,parcialmente_fora_dominio,fora_dominio,0.554808,0.541346,0.364488,0.334252,manter_irrigacao,manter_irrigacao,False,False,1.9333,1.9333,11.0,161,0.0,0.0,baixo,0,moderado,moderado,moderado,moderado,moderado,moderado
sem_irrigacao_run_2,sem_irrigacao,2,1979/09/09,83,manter_irrigacao,manter_irrigacao,manter_irrigacao,True,True,True,0.3522,0.3413,0.6667,0.3333,True,False,decisao_dependente_de_aps_fora_do_dominio,,confianca_global_baixa | alerta_interno_do_aiec | aps_fora_ou_parcialmente_fora_do_dominio | aps_alterou_a_decisao_no_teste_contrafactual,confianca_global_baixa | alerta_interno_do_aiec | aps_fora_ou_parcialmente_fora_do_dominio,fora_dominio,fora_dominio,0.541346,0.514423,0.280575,0.339098,iniciar_irrigacao,manter_irrigacao,True,False,2.2667,1.5333,12.7,175,0.0,0.0,baixo,0,alto,moderado,moderado,baixo,moderado,moderado
sem_irrigacao_run_2,sem_irrigacao,2,1979/09/10,84,manter_irrigacao,manter_irrigacao,manter_irrigacao,True,True,True,0.3361,0.3519,0.6667,0.3333,False,False,,,confianca_global_baixa | alerta_interno_do_aiec | aps_fora_ou_parcialmente_fora_do_dominio,confianca_global_baixa | alerta_interno_do_aiec | aps_fora_ou_parcialmente_fora_do_dominio,fora_dominio,fora_dominio,0.541346,0.527885,0.283545,0.330365,manter_irrigacao,manter_irrigacao,False,False,1.8667,1.9333,11.4,163,0.0,0.0,baixo,0,moderado,moderado,moderado,moderado,moderado,moderado
sem_irrigacao_run_2,sem_irrigacao,2,1979/09/11,85,manter_irrigacao,manter_irrigacao,manter_irrigacao,True,True,True,0.3431,0.3562,0.6667,0.3333,False,False,,,confianca_global_baixa | alerta_interno_do_aiec | aps_fora_ou_parcialmente_fora_do_dominio,confianca_global_baixa | alerta_interno_do_aiec | aps_fora_ou_parcialmente_fora_do_dominio,fora_dominio,fora_dominio,0.541346,0.527885,0.283106,0.337052,manter_irrigacao,manter_irrigacao,False,False,1.8667,1.9333,11.0,159,0.0,0.0,baixo,0,moderado,moderado,moderado,moderado,moderado,moderado
sem_irrigacao_run_2,sem_irrigacao,2,1979/09/12,86,manter_irrigacao,manter_irrigacao,manter_irrigacao,True,True,True,0.3401,0.3408,0.3333,0.3333,False,False,,,confianca_global_baixa | alerta_interno_do_aiec | aps_fora_ou_parcialmente_fora_do_dominio,confianca_global_baixa | alerta_interno_do_aiec | aps_fora_ou_parcialmente_fora_do_dominio,fora_dominio,fora_dominio,0.541346,0.541346,0.372733,0.36484,manter_irrigacao,manter_irrigacao,False,False,1.5333,1.5333,12.3,169,0.0,0.0,baixo,0,baixo,moderado,moderado,baixo,moderado,moderado
sem_irrigacao_run_2,sem_irrigacao,2,1979/09/13,87,manter_irrigacao,manter_irrigacao,manter_irrigacao,True,True,True,0.3535,0.3453,0.6667,0.3333,True,False,decisao_dependente_de_aps_fora_do_dominio,,confianca_global_baixa | alerta_interno_do_aiec | aps_fora_ou_parcialmente_fora_do_dominio | aps_alterou_a_decisao_no_teste_contrafactual,confianca_global_baixa | alerta_interno_do_aiec | aps_fora_ou_parcialmente_fora_do_dominio,parcialmente_fora_dominio,fora_dominio,0.554808,0.541346,0.289956,0.353406,iniciar_irrigacao,manter_irrigacao,True,False,2.2667,1.5333,12.6,173,0.0,0.0,baixo,0,alto,moderado,moderado,baixo,moderado,moderado
sem_irrigacao_run_2,sem_irrigacao,2,1979/09/14,88,manter_irrigacao,manter_irrigacao,manter_irrigacao,True,True,True,0.339,0.3429,0.3333,0.3333,False,False,,,confianca_global_baixa | alerta_interno_do_aiec | aps_fora_ou_parcialmente_fora_do_dominio,confianca_global_baixa | alerta_interno_do_aiec | aps_fora_ou_parcialmente_fora_do_dominio,fora_dominio,fora_dominio,0.541346,0.527885,0.360556,0.341521,manter_irrigacao,manter_irrigacao,False,False,1.9333,1.5333,13.6,187,0.0,0.0,baixo,0,moderado,moderado,moderado,baixo,moderado,moderado
sem_irrigacao_run_2,sem_irrigacao,2,1979/09/15,89,manter_irrigacao,manter_irrigacao,manter_irrigacao,True,True,True,0.3349,0.3375,0.3333,0.3333,False,False,,,confianca_global_baixa | alerta_interno_do_aiec | aps_fora_ou_parcialmente_fora_do_dominio,confianca_global_baixa | alerta_interno_do_aiec | aps_fora_ou_parcialmente_fora_do_dominio,fora_dominio,fora_dominio,0.541346,0.514423,0.365832,0.341838,manter_irrigacao,manter_irrigacao,False,False,1.5333,1.5333,13.6,190,0.0,0.0,baixo,0,baixo,moderado,moderado,baixo,moderado,moderado
sem_irrigacao_run_2,sem_irrigacao,2,1979/09/16,90,manter_irrigacao,manter_irrigacao,manter_irrigacao,True,True,True,0.3375,0.3369,0.3333,0.3333,False,False,,,confianca_global_baixa | alerta_interno_do_aiec | aps_fora_ou_parcialmente_fora_do_dominio,confianca_global_baixa | alerta_interno_do_aiec | aps_fora_ou_parcialmente_fora_do_dominio,fora_dominio,fora_dominio,0.541346,0.527885,0.369302,0.349223,manter_irrigacao,manter_irrigacao,False,False,1.5333,1.5333,15.1,214,0.0,0.0,baixo,0,baixo,moderado,moderado,baixo,moderado,moderado
sem_irrigacao_run_2,sem_irrigacao,2,1979/09/17,91,manter_irrigacao,manter_irrigacao,manter_irrigacao,True,True,True,0.3349,0.353,0.3333,0.3333,False,False,,,confianca_global_baixa | alerta_interno_do_aiec | aps_fora_ou_parcialmente_fora_do_dominio,confianca_global_baixa | alerta_interno_do_aiec | aps_fora_ou_parcialmente_fora_do_dominio,fora_dominio,fora_dominio,0.541346,0.527885,0.365832,0.332049,manter_irrigacao,manter_irrigacao,False,False,1.5333,1.9333,12.7,186,0.0,0.0,baixo,0,baixo,moderado,moderado,moderado,moderado,moderado
sem_irrigacao_run_2,sem_irrigacao,2,1979/09/18,92,manter_irrigacao,manter_irrigacao,manter_irrigacao,True,True,True,0.3502,0.353,0.6667,0.3333,True,False,decisao_dependente_de_aps_fora_do_dominio,,confianca_global_baixa | alerta_interno_do_aiec | aps_fora_ou_parcialmente_fora_do_dominio | aps_alterou_a_decisao_no_teste_contrafactual,confianca_global_baixa | alerta_interno_do_aiec | aps_fora_ou_parcialmente_fora_do_dominio,parcialmente_fora_dominio,fora_dominio,0.554808,0.527885,0.282362,0.332049,iniciar_irrigacao,manter_irrigacao,True,False,2.2667,1.9333,11.3,168,0.0,0.0,baixo,0,alto,moderado,moderado,moderado,moderado,moderado
sem_irrigacao_run_2,sem_irrigacao,2,1979/09/19,93,manter_irrigacao,manter_irrigacao,manter_irrigacao,True,True,True,0.3568,0.353,0.6667,0.3333,True,False,decisao_dependente_de_aps_fora_do_dominio,,confianca_global_baixa | alerta_interno_do_aiec | aps_fora_ou_parcialmente_fora_do_dominio | aps_alterou_a_decisao_no_teste_contrafactual,confianca_global_baixa | alerta_interno_do_aiec | aps_fora_ou_parcialmente_fora_do_dominio,parcialmente_fora_dominio,fora_dominio,0.554808,0.527885,0.282019,0.332049,iniciar_irrigacao,manter_irrigacao,True,False,2.2667,1.9333,10.6,160,0.0,0.0,baixo,0,alto,moderado,moderado,moderado,moderado,moderado
sem_irrigacao_run_2,sem_irrigacao,2,1979/09/20,94,manter_irrigacao,manter_irrigacao,manter_irrigacao,True,True,True,0.3536,0.3639,0.6667,0.3333,True,False,decisao_dependente_de_aps_fora_do_dominio,,confianca_global_baixa | alerta_interno_do_aiec | aps_fora_ou_parcialmente_fora_do_dominio | aps_alterou_a_decisao_no_teste_contrafactual,confianca_global_baixa | alerta_interno_do_aiec | aps_fora_ou_parcialmente_fora_do_dominio,fora_dominio,fora_dominio,0.541346,0.527885,0.27407,0.323178,iniciar_irrigacao,manter_irrigacao,True,False,2.2667,1.9333,10.1,154,0.0,0.0,baixo,0,alto,moderado,moderado,moderado,moderado,moderado
sem_irrigacao_run_2,sem_irrigacao,2,1979/09/21,95,manter_irrigacao,manter_irrigacao,manter_irrigacao,True,True,True,0.3587,0.3522,0.6667,0.3333,False,False,,,confianca_global_baixa | alerta_interno_do_aiec | aps_fora_ou_parcialmente_fora_do_dominio,confianca_global_baixa | alerta_interno_do_aiec | aps_fora_ou_parcialmente_fora_do_dominio,fora_dominio,fora_dominio,0.541346,0.541346,0.25405,0.330811,manter_irrigacao,manter_irrigacao,False,False,2.1667,1.9333,9.9,152,0.0,0.0,baixo,0,moderado,alto,moderado,moderado,moderado,moderado
sem_irrigacao_run_2,sem_irrigacao,2,1979/09/22,96,manter_irrigacao,manter_irrigacao,manter_irrigacao,True,True,True,0.343,0.3441,0.6667,0.3333,False,False,,,confianca_global_baixa | alerta_interno_do_aiec | aps_fora_ou_parcialmente_fora_do_dominio,confianca_global_baixa | alerta_interno_do_aiec | aps_fora_ou_parcialmente_fora_do_dominio,fora_dominio,fora_dominio,0.541346,0.541346,0.276513,0.351683,manter_irrigacao,manter_irrigacao,False,False,1.8667,1.5333,10.7,155,0.0,0.0,baixo,0,moderado,moderado,moderado,baixo,moderado,moderado
sem_irrigacao_run_2,sem_irrigacao,2,1979/09/23,97,manter_irrigacao,manter_irrigacao,manter_irrigacao,True,True,True,0.3375,0.3499,0.6667,0.3333,False,False,,,confianca_global_baixa | alerta_interno_do_aiec | aps_fora_ou_parcialmente_fora_do_dominio,confianca_global_baixa | alerta_interno_do_aiec | aps_fora_ou_parcialmente_fora_do_dominio,fora_dominio,fora_dominio,0.527885,0.500962,0.279982,0.327079,manter_irrigacao,manter_irrigacao,False,False,1.8667,1.9333,10.5,153,0.0,0.0,baixo,0,moderado,moderado,moderado,moderado,moderado,moderado
sem_irrigacao_run_2,sem_irrigacao,2,1979/09/24,98,manter_irrigacao,manter_irrigacao,manter_irrigacao,True,True,True,0.3243,0.3273,0.3333,0.3333,False,False,,,confianca_global_baixa | alerta_interno_do_aiec | aps_fora_ou_parcialmente_fora_do_dominio,confianca_global_baixa | alerta_interno_do_aiec | aps_fora_ou_parcialmente_fora_do_dominio,fora_dominio,fora_dominio,0.514423,0.500962,0.350622,0.334017,manter_irrigacao,manter_irrigacao,False,False,1.5333,1.5333,13.2,179,0.0,0.0,baixo,0,baixo,moderado,moderado,baixo,moderado,moderado
sem_irrigacao_run_2,sem_irrigacao,2,1979/09/25,99,manter_irrigacao,manter_irrigacao,manter_irrigacao,True,True,True,0.3301,0.3446,0.3333,0.3333,False,False,,,confianca_global_baixa | alerta_interno_do_aiec | aps_fora_ou_parcialmente_fora_do_dominio,confianca_global_baixa | alerta_interno_do_aiec | aps_fora_ou_parcialmente_fora_do_dominio,fora_dominio,fora_dominio,0.514423,0.4875,0.359198,0.317891,manter_irrigacao,manter_irrigacao,False,False,1.5333,1.9333,13.0,180,0.0,0.0,baixo,0,baixo,moderado,moderado,moderado,moderado,moderado
sem_irrigacao_run_2,sem_irrigacao,2,1979/09/26,100,manter_irrigacao,manter_irrigacao,manter_irrigacao,True,True,True,0.3307,0.3335,0.3333,0.3333,False,False,,,confianca_global_baixa | alerta_interno_do_aiec | aps_fora_ou_parcialmente_fora_do_dominio,confianca_global_baixa | alerta_interno_do_aiec | aps_fora_ou_parcialmente_fora_do_dominio,fora_dominio,fora_dominio,0.527885,0.527885,0.36001,0.344017,manter_irrigacao,manter_irrigacao,False,False,1.5333,1.5333,15.4,220,0.0,0.0,baixo,0,baixo,moderado,moderado,baixo,moderado,moderado
sem_irrigacao_run_2,sem_irrigacao,2,1979/09/27,101,manter_irrigacao,manter_irrigacao,manter_irrigacao,True,True,True,0.3609,0.3477,0.3333,0.3333,False,False,,,confianca_global_baixa | alerta_interno_do_aiec | aps_fora_ou_parcialmente_fora_do_dominio,confianca_global_baixa | alerta_interno_do_aiec | aps_fora_ou_parcialmente_fora_do_dominio,parcialmente_fora_dominio,fora_dominio,0.554808,0.541346,0.355472,0.356824,manter_irrigacao,manter_irrigacao,False,False,1.9333,1.5333,15.0,220,0.0,0.0,baixo,0,moderado,moderado,moderado,baixo,moderado,moderado
sem_irrigacao_run_2,sem_irrigacao,2,1979/09/28,102,manter_irrigacao,manter_irrigacao,manter_irrigacao,True,True,True,0.3839,0.353,0.3333,0.3333,False,False,,,confianca_global_baixa | alerta_interno_do_aiec | aps_fora_ou_parcialmente_fora_do_dominio,confianca_global_baixa | alerta_interno_do_aiec | aps_fora_ou_parcialmente_fora_do_dominio,fora_dominio,fora_dominio,0.541346,0.527885,0.319998,0.332049,manter_irrigacao,manter_irrigacao,False,False,1.9333,1.9333,12.7,191,0.0,0.0,baixo,0,moderado,moderado,moderado,moderado,moderado,moderado
sem_irrigacao_run_2,sem_irrigacao,2,1979/09/29,103,manter_irrigacao,manter_irrigacao,manter_irrigacao,True,True,True,0.3298,0.3299,0.3333,0.3333,False,False,,,confianca_global_baixa | alerta_interno_do_aiec | aps_fora_ou_parcialmente_fora_do_dominio,confianca_global_baixa | alerta_interno_do_aiec | aps_fora_ou_parcialmente_fora_do_dominio,fora_dominio,fora_dominio,0.514423,0.514423,0.347167,0.338211,manter_irrigacao,manter_irrigacao,False,False,1.9333,1.5333,16.1,240,0.0,0.0,baixo,0,moderado,moderado,moderado,baixo,moderado,moderado
sem_irrigacao_run_2,sem_irrigacao,2,1979/09/30,104,manter_irrigacao,manter_irrigacao,manter_irrigacao,True,True,True,0.3475,0.3475,0.6667,0.3333,True,False,decisao_dependente_de_aps_fora_do_dominio,,confianca_global_baixa | alerta_interno_do_aiec | aps_fora_ou_parcialmente_fora_do_dominio | aps_alterou_a_decisao_no_teste_contrafactual,confianca_global_baixa | alerta_interno_do_aiec | aps_fora_ou_parcialmente_fora_do_dominio,fora_dominio,fora_dominio,0.541346,0.514423,0.268411,0.322997,iniciar_irrigacao,manter_irrigacao,True,False,2.2667,1.9333,13.7,212,0.0,0.0,baixo,0,alto,moderado,moderado,moderado,moderado,moderado
sem_irrigacao_run_2,sem_irrigacao,2,1979/10/01,105,manter_irrigacao,manter_irrigacao,manter_irrigacao,True,True,True,0.3362,0.3515,0.6667,0.3333,False,False,,,confianca_global_baixa | alerta_interno_do_aiec | aps_fora_ou_parcialmente_fora_do_dominio,confianca_global_baixa | alerta_interno_do_aiec | aps_fora_ou_parcialmente_fora_do_dominio,fora_dominio,fora_dominio,0.541346,0.514423,0.287503,0.329659,manter_irrigacao,manter_irrigacao,False,False,1.8667,1.9333,12.9,198,0.0,0.0,baixo,0,moderado,moderado,moderado,moderado,moderado,moderado
sem_irrigacao_run_2,sem_irrigacao,2,1979/10/02,106,manter_irrigacao,manter_irrigacao,manter_irrigacao,True,True,True,0.3498,0.3597,0.6667,0.3333,True,False,decisao_dependente_de_aps_fora_do_dominio,,confianca_global_baixa | alerta_interno_do_aiec | aps_fora_ou_parcialmente_fora_do_dominio | aps_alterou_a_decisao_no_teste_contrafactual,confianca_global_baixa | alerta_interno_do_aiec | aps_fora_ou_parcialmente_fora_do_dominio,fora_dominio,fora_dominio,0.541346,0.514423,0.274544,0.315909,iniciar_irrigacao,manter_irrigacao,True,False,2.2667,1.9333,11.3,174,0.0,0.0,baixo,0,alto,moderado,moderado,moderado,moderado,moderado
sem_irrigacao_run_2,sem_irrigacao,2,1979/10/03,107,manter_irrigacao,manter_irrigacao,manter_irrigacao,True,True,True,0.3442,0.3597,0.6667,0.3333,True,False,decisao_dependente_de_aps_fora_do_dominio,,confianca_global_baixa | alerta_interno_do_aiec | aps_fora_ou_parcialmente_fora_do_dominio | aps_alterou_a_decisao_no_teste_contrafactual,confianca_global_baixa | alerta_interno_do_aiec | aps_fora_ou_parcialmente_fora_do_dominio,fora_dominio,fora_dominio,0.541346,0.514423,0.266622,0.315909,iniciar_irrigacao,manter_irrigacao,True,False,2.2667,1.9333,10.5,161,0.0,0.0,baixo,0,alto,moderado,moderado,moderado,moderado,moderado
sem_irrigacao_run_2,sem_irrigacao,2,1979/10/04,108,manter_irrigacao,manter_irrigacao,manter_irrigacao,True,True,True,0.3513,0.3428,0.6667,0.3333,False,False,,,confianca_global_baixa | alerta_interno_do_aiec | aps_fora_ou_parcialmente_fora_do_dominio,confianca_global_baixa | alerta_interno_do_aiec | aps_fora_ou_parcialmente_fora_do_dominio,fora_dominio,fora_dominio,0.500962,0.4875,0.248388,0.314639,manter_irrigacao,manter_irrigacao,False,False,2.1667,1.9333,10.0,155,0.0,0.0,baixo,0,moderado,alto,moderado,moderado,moderado,moderado
sem_irrigacao_run_2,sem_irrigacao,2,1979/10/05,109,manter_irrigacao,manter_irrigacao,manter_irrigacao,True,True,True,0.3693,0.3543,0.6667,0.3333,False,False,,,confianca_global_baixa | alerta_interno_do_aiec | aps_fora_ou_parcialmente_fora_do_dominio,confianca_global_baixa | alerta_interno_do_aiec | aps_fora_ou_parcialmente_fora_do_dominio,fora_dominio,fora_dominio,0.500962,0.4875,0.242777,0.306021,manter_irrigacao,manter_irrigacao,False,False,2.1667,1.9333,9.5,149,0.0,0.0,baixo,0,moderado,alto,moderado,moderado,moderado,moderado
sem_irrigacao_run_2,sem_irrigacao,2,1979/10/06,110,manter_irrigacao,manter_irrigacao,manter_irrigacao,True,True,True,0.3541,0.341,0.6667,0.3333,False,False,,,confianca_global_baixa | alerta_interno_do_aiec | aps_fora_ou_parcialmente_fora_do_dominio,confianca_global_baixa | alerta_interno_do_aiec | aps_fora_ou_parcialmente_fora_do_dominio,fora_dominio,fora_dominio,0.500962,0.4875,0.253494,0.311356,manter_irrigacao,manter_irrigacao,False,False,2.1667,1.9333,9.3,145,0.0,0.0,baixo,0,moderado,alto,moderado,moderado,moderado,moderado
sem_irrigacao_run_2,sem_irrigacao,2,1979/10/07,111,manter_irrigacao,manter_irrigacao,manter_irrigacao,True,True,True,0.3536,0.341,0.6667,0.3333,False,False,,,confianca_global_baixa | alerta_interno_do_aiec | aps_fora_ou_parcialmente_fora_do_dominio,confianca_global_baixa | alerta_interno_do_aiec | aps_fora_ou_parcialmente_fora_do_dominio,fora_dominio,fora_dominio,0.500962,0.4875,0.252069,0.311356,manter_irrigacao,manter_irrigacao,False,False,2.1667,1.9333,9.0,141,0.0,0.0,baixo,0,moderado,alto,moderado,moderado,moderado,moderado
sem_irrigacao_run_2,sem_irrigacao,2,1979/10/08,112,manter_irrigacao,manter_irrigacao,manter_irrigacao,True,True,True,0.3723,0.341,0.6667,0.3333,False,False,,,confianca_global_baixa | alerta_interno_do_aiec | aps_fora_ou_parcialmente_fora_do_dominio,confianca_global_baixa | alerta_interno_do_aiec | aps_fora_ou_parcialmente_fora_do_dominio,fora_dominio,fora_dominio,0.500962,0.4875,0.244284,0.311356,manter_irrigacao,manter_irrigacao,False,False,2.1667,1.9333,8.8,138,0.0,0.0,baixo,0,moderado,alto,moderado,moderado,moderado,moderado
sem_irrigacao_run_2,sem_irrigacao,2,1979/10/09,113,manter_irrigacao,manter_irrigacao,manter_irrigacao,True,True,True,0.3527,0.341,0.6667,0.3333,False,False,,,confianca_global_baixa | alerta_interno_do_aiec | aps_fora_ou_parcialmente_fora_do_dominio,confianca_global_baixa | alerta_interno_do_aiec | aps_fora_ou_parcialmente_fora_do_dominio,fora_dominio,fora_dominio,0.500962,0.4875,0.249201,0.311356,manter_irrigacao,manter_irrigacao,False,False,2.1667,1.9333,8.6,134,0.0,0.0,baixo,0,moderado,alto,moderado,moderado,moderado,moderado
sem_irrigacao_run_2,sem_irrigacao,2,1979/10/10,114,manter_irrigacao,manter_irrigacao,manter_irrigacao,True,True,True,0.3513,0.341,0.6667,0.3333,False,False,,,confianca_global_baixa | alerta_interno_do_aiec | aps_fora_ou_parcialmente_fora_do_dominio,confianca_global_baixa | alerta_interno_do_aiec | aps_fora_ou_parcialmente_fora_do_dominio,fora_dominio,fora_dominio,0.500962,0.4875,0.248388,0.311356,manter_irrigacao,manter_irrigacao,False,False,2.1667,1.9333,8.4,131,0.0,0.0,baixo,0,moderado,alto,moderado,moderado,moderado,moderado
sem_irrigacao_run_2,sem_irrigacao,2,1979/10/11,115,manter_irrigacao,manter_irrigacao,manter_irrigacao,True,True,True,0.3528,0.3442,0.6667,0.3333,False,False,,,confianca_global_baixa | alerta_interno_do_aiec | aps_fora_ou_parcialmente_fora_do_dominio,confianca_global_baixa | alerta_interno_do_aiec | aps_fora_ou_parcialmente_fora_do_dominio,fora_dominio,fora_dominio,0.514423,0.500962,0.253371,0.317227,manter_irrigacao,manter_irrigacao,False,False,2.1667,1.9333,8.3,128,0.0,0.124,baixo,0,moderado,alto,moderado,moderado,moderado,moderado
sem_irrigacao_run_2,sem_irrigacao,2,1979/10/12,116,iniciar_irrigacao,manter_irrigacao,manter_irrigacao,False,False,True,0.3937,0.3701,0.6667,0.3333,False,False,,,confianca_global_baixa | alerta_interno_do_aiec | aps_fora_ou_parcialmente_fora_do_dominio,confianca_global_baixa | alerta_interno_do_aiec | aps_fora_ou_parcialmente_fora_do_dominio,fora_dominio,fora_dominio,0.514423,0.500962,0.235096,0.298653,manter_irrigacao,manter_irrigacao,False,False,2.1667,1.9333,8.0,124,0.0,0.368,moderado,0,moderado,alto,moderado,moderado,moderado,moderado
sem_irrigacao_run_2,sem_irrigacao,2,1979/10/13,117,manter_irrigacao,manter_irrigacao,manter_irrigacao,True,True,True,0.3501,0.3384,0.6667,0.3333,False,False,,,confianca_global_baixa | alerta_interno_do_aiec | aps_fora_ou_parcialmente_fora_do_dominio,confianca_global_baixa | alerta_interno_do_aiec | aps_fora_ou_parcialmente_fora_do_dominio,fora_dominio,fora_dominio,0.500962,0.4875,0.244021,0.306372,manter_irrigacao,manter_irrigacao,False,False,2.1667,1.9333,7.9,122,0.0,0.0,baixo,0,moderado,alto,moderado,moderado,moderado,moderado
sem_irrigacao_run_2,sem_irrigacao,2,1979/10/14,118,manter_irrigacao,manter_irrigacao,manter_irrigacao,True,True,True,0.3498,0.3374,0.6667,0.3333,False,False,,,confianca_global_baixa | alerta_interno_do_aiec | aps_fora_ou_parcialmente_fora_do_dominio,confianca_global_baixa | alerta_interno_do_aiec | aps_fora_ou_parcialmente_fora_do_dominio,fora_dominio,fora_dominio,0.4875,0.4875,0.240491,0.301034,manter_irrigacao,manter_irrigacao,False,False,2.2667,1.9333,7.8,120,0.0,0.105,baixo,0,alto,moderado,moderado,moderado,moderado,moderado
sem_irrigacao_run_2,sem_irrigacao,2,1979/10/15,119,iniciar_irrigacao,iniciar_irrigacao,manter_irrigacao,True,False,False,0.3752,0.3583,0.6667,0.3333,True,False,baixa_confianca_para_intervencao | conflito_na_recomendacao_de_intervencao,,confianca_global_baixa | alerta_interno_do_aiec | aps_fora_ou_parcialmente_fora_do_dominio,confianca_global_baixa | alerta_interno_do_aiec | aps_fora_ou_parcialmente_fora_do_dominio,fora_dominio,fora_dominio,0.474038,0.460577,0.221031,0.275069,iniciar_irrigacao,manter_irrigacao,False,False,2.5667,1.9333,7.7,118,0.0,0.448,moderado,0,alto,alto,moderado,moderado,moderado,moderado
sem_irrigacao_run_2,sem_irrigacao,2,1979/10/16,120,iniciar_irrigacao,manter_irrigacao,manter_irrigacao,False,False,True,0.3645,0.3583,0.6667,0.3333,False,False,,,confianca_global_baixa | alerta_interno_do_aiec | aps_fora_ou_parcialmente_fora_do_dominio,confianca_global_baixa | alerta_interno_do_aiec | aps_fora_ou_parcialmente_fora_do_dominio,fora_dominio,fora_dominio,0.460577,0.460577,0.22066,0.275069,manter_irrigacao,manter_irrigacao,False,False,2.1667,1.9333,7.6,116,0.0,0.373,moderado,0,moderado,alto,moderado,moderado,moderado,moderado
sem_irrigacao_run_2,sem_irrigacao,2,1979/10/17,121,iniciar_irrigacao,iniciar_irrigacao,manter_irrigacao,True,False,False,0.3782,0.3594,0.6667,0.3333,True,False,baixa_confianca_para_intervencao | conflito_na_recomendacao_de_intervencao,,confianca_global_baixa | alerta_interno_do_aiec | aps_fora_ou_parcialmente_fora_do_dominio,confianca_global_baixa | alerta_interno_do_aiec | aps_fora_ou_parcialmente_fora_do_dominio,fora_dominio,fora_dominio,0.474038,0.474038,0.21818,0.277681,iniciar_irrigacao,manter_irrigacao,False,False,2.5667,1.9333,7.5,114,0.0,0.469,moderado,0,alto,alto,moderado,moderado,moderado,moderado
sem_irrigacao_run_2,sem_irrigacao,2,1979/10/18,122,iniciar_irrigacao,iniciar_irrigacao,manter_irrigacao,True,False,False,0.3782,0.3619,0.6667,0.3333,True,False,baixa_confianca_para_intervencao | conflito_na_recomendacao_de_intervencao,,confianca_global_baixa | alerta_interno_do_aiec | aps_fora_ou_parcialmente_fora_do_dominio,confianca_global_baixa | alerta_interno_do_aiec | aps_fora_ou_parcialmente_fora_do_dominio,fora_dominio,fora_dominio,0.474038,0.4875,0.21818,0.283332,iniciar_irrigacao,manter_irrigacao,False,False,2.5667,1.9333,7.4,112,0.0,0.333,moderado,0,alto,alto,moderado,moderado,moderado,moderado
sem_irrigacao_run_2,sem_irrigacao,2,1979/10/19,123,manter_irrigacao,manter_irrigacao,manter_irrigacao,True,True,True,0.3543,0.3378,0.6667,0.3333,False,False,,,confianca_global_baixa | alerta_interno_do_aiec | aps_fora_ou_parcialmente_fora_do_dominio,confianca_global_baixa | alerta_interno_do_aiec | aps_fora_ou_parcialmente_fora_do_dominio,fora_dominio,fora_dominio,0.474038,0.474038,0.233924,0.30177,manter_irrigacao,manter_irrigacao,False,False,1.8667,1.9333,7.3,111,0.0,0.11,baixo,0,moderado,moderado,moderado,moderado,moderado,moderado
sem_irrigacao_run_2,sem_irrigacao,2,1979/10/20,124,manter_irrigacao,manter_irrigacao,manter_irrigacao,True,True,True,0.354,0.3391,0.6667,0.3333,False,False,,,confianca_global_baixa | alerta_interno_do_aiec | aps_fora_ou_parcialmente_fora_do_dominio,confianca_global_baixa | alerta_interno_do_aiec | aps_fora_ou_parcialmente_fora_do_dominio,fora_dominio,fora_dominio,0.474038,0.4875,0.232522,0.304384,manter_irrigacao,manter_irrigacao,False,False,1.8667,1.9333,7.3,110,0.0,0.104,baixo,0,moderado,moderado,moderado,moderado,moderado,moderado
sem_irrigacao_run_2,sem_irrigacao,2,1979/10/21,125,manter_irrigacao,manter_irrigacao,manter_irrigacao,True,True,True,0.348,0.3349,0.6667,0.3333,False,False,,,confianca_global_baixa | alerta_interno_do_aiec | aps_fora_ou_parcialmente_fora_do_dominio,confianca_global_baixa | alerta_interno_do_aiec | aps_fora_ou_parcialmente_fora_do_dominio,fora_dominio,fora_dominio,0.460577,0.460577,0.233048,0.295735,manter_irrigacao,manter_irrigacao,False,False,2.2667,1.9333,7.2,109,0.0,0.128,baixo,0,alto,moderado,moderado,moderado,moderado,moderado
sem_irrigacao_run_2,sem_irrigacao,2,1979/10/22,126,manter_irrigacao,manter_irrigacao,manter_irrigacao,True,True,True,0.3486,0.3391,0.6667,0.3333,False,False,,,confianca_global_baixa | alerta_interno_do_aiec | aps_fora_ou_parcialmente_fora_do_dominio,confianca_global_baixa | alerta_interno_do_aiec | aps_fora_ou_parcialmente_fora_do_dominio,fora_dominio,fora_dominio,0.474038,0.4875,0.235413,0.304384,manter_irrigacao,manter_irrigacao,False,False,2.2667,1.9333,7.2,108,0.0,0.0,baixo,0,alto,moderado,moderado,moderado,moderado,moderado
sem_irrigacao_run_2,sem_irrigacao,2,1979/10/23,127,manter_irrigacao,manter_irrigacao,manter_irrigacao,True,True,True,0.348,0.3349,0.6667,0.3333,False,False,,,confianca_global_baixa | alerta_interno_do_aiec | aps_fora_ou_parcialmente_fora_do_dominio,confianca_global_baixa | alerta_interno_do_aiec | aps_fora_ou_parcialmente_fora_do_dominio,fora_dominio,fora_dominio,0.460577,0.460577,0.233048,0.295735,manter_irrigacao,manter_irrigacao,False,False,2.2667,1.9333,7.1,108,0.0,0.0,baixo,0,alto,moderado,moderado,moderado,moderado,moderado
sem_irrigacao_run_2,sem_irrigacao,2,1979/10/24,128,manter_irrigacao,manter_irrigacao,manter_irrigacao,True,True,True,0.3483,0.3466,0.6667,0.3333,False,False,,,confianca_global_baixa | alerta_interno_do_aiec | aps_fora_ou_parcialmente_fora_do_dominio,confianca_global_baixa | alerta_interno_do_aiec | aps_fora_ou_parcialmente_fora_do_dominio,fora_dominio,fora_dominio,0.460577,0.500962,0.234432,0.318504,manter_irrigacao,manter_irrigacao,False,False,2.2667,1.9333,7.1,107,0.0,0.0,baixo,3061,alto,moderado,moderado,moderado,moderado,moderado
